bid_status,quantity,bid_start,bid_end,bid_opening,bid_validity_days,turnover_required_lakhs,experience_required_years,ministry,department,organisation,office,state,total_participants,qualified_bidders,disqualified_bidders,qualified_mse,qualified_mii,gem_bid_id,l1_price,l2_price,l3_price,l1_seller,num_bidders,price_spread_pct,product_category
,9.0,,,,,5.0,,Ministry Of Defence,Department Of Military Affairs,Indian Army,***********,,0,0,0,0,0,GEM/2026/B/7629088,1055800.0,1062990.0,1083500.0,SHREE SHYAM COMPUTER (MII) Under PMA,3,2.62,macbook
Active,1.0,29-05-2026 14:06:06,08-06-2026 15:00:00,08-06-2026 15:30:00,180.0,1.0,,Ministry Of Defence,Department Of Military Affairs,Indian Army,***********,,13,6,7,0,0,GEM/2026/B/7590103,117990.0,121490.0,123540.0,M/S UNIQUE ENTERPRISES Under PMA,6,4.7,macbook
Active,12.0,18-05-2026 15:18:58,28-05-2026 16:00:00,28-05-2026 16:30:00,180.0,,,Ministry Of Defence,Department Of Military Affairs,Indian Army,***********,,7,4,3,4,0,GEM/2026/B/7554227,235960.0,242900.0,248596.0,YOUNG SOLUTIONS (MSE) ( MSE Social Category:SC ) Under PMA,4,5.36,macbook
,1.0,,,,,1.0,,Ministry Of Defence,Department Of Military Affairs,Indian Army,***********,,0,0,0,0,0,GEM/2026/B/7523397,120000.0,128000.0,139000.0,M/S KH GM & SONS (MII) Under PMA,3,15.83,macbook
Active,,05-05-2026 19:46:00,15-05-2026 20:00:00,15-05-2026 20:30:00,30.0,40.0,,Comptroller And Auditor General (cag) Of India,Indian Audit And Accounts Department,N/a,Office Of The Accountant General Ae Gujarat Rajkot,,0,0,0,0,0,GEM/2026/B/7506068,2125389.67,2270832.7,,DESTINY COMPUTER SYSTEM ( MSE Social Category:General ) Under PMA,2,,macbook
Active,1.0,09-04-2026 15:23:08,30-04-2026 16:00:00,30-04-2026 16:30:00,30.0,1.0,,Ministry Of Labour And Employment,Na,Employees Provident Fund Organisation (epfo),Ro Delhi North,,10,3,7,0,0,GEM/2026/B/7429373,117990.0,118500.0,119000.0,SARSWATI ENTERPRISES Under PMA,3,0.86,macbook
Active,1.0,06-04-2026 16:29:22,27-04-2026 17:00:00,27-04-2026 17:30:00,45.0,,,Ministry Of Education,Department Of Higher Education,Indian Institute Of Information Technology (iiit),Guwahati,,13,6,7,3,0,GEM/2026/B/7418095,424200.0,434900.0,438842.0,PRINCE COMPUTER SOLUTION Under PMA,6,3.45,macbook
,4.0,,,,,2.0,,Ministry Of Defence,Department Of Military Affairs,Indian Army,***********,,0,0,0,0,0,GEM/2026/B/7326772,464500.0,516895.0,547614.0,ASR ENTERPRISES (MII) Under PMA,3,17.89,macbook
Active,1.0,17-03-2026 12:29:30,27-03-2026 13:00:00,27-03-2026 13:30:00,30.0,,,Ministry Of Defence,Department Of Defence,Director General Of National Cadet Corps (dgncc),***********,,5,3,2,0,0,GEM/2026/B/7365429,99999.0,110000.0,115000.0,M R K INFOSYSTEMS Under PMA,3,15.0,macbook
,3.0,,,,,2.0,,,Home Department Uttar Pradesh,Uttar Pradesh Police,Directorate Of Police Training,Uttar Pradesh,0,0,0,0,0,GEM/2026/B/7306447,664653.6,665319.0,667470.0,DOCKET CARE SYSTEMS Under PMA,3,0.42,macbook
Active,1.0,09-03-2026 13:21:42,19-03-2026 14:00:00,19-03-2026 14:30:00,180.0,1.0,,Ministry Of Defence,Department Of Military Affairs,Indian Army,***********,,6,4,2,0,0,GEM/2026/B/7334630,117980.0,117995.0,117997.0,SUN SHINE TRADERS Under PMA,4,0.01,macbook
,2.0,,,,,1.0,,Ministry Of Defence,Department Of Military Affairs,Indian Army,***********,,0,0,0,0,0,GEM/2026/B/7613856,235700.0,238242.0,239100.0,Balaji enterprises (MSE) Under PMA,3,1.44,macbook
Active,1.0,01-06-2026 15:47:53,16-06-2026 16:00:00,16-06-2026 16:30:00,30.0,1.0,,,Rural Development Department Uttar Pradesh,National Rural Livelihood Mission,Fatehpur,Uttar Pradesh,9,6,3,4,0,GEM/2026/B/7607004,189900.0,254300.0,255388.0,Enfotech ( MSE Social Category:General ) Under PMA,6,34.49,macbook
,5.0,,,,,,,Ministry Of Defence,Department Of Military Affairs,Indian Air Force,***********,,0,0,0,0,0,GEM/2026/B/7478874,505000.0,506450.0,525000.0,UNICORN POST MEDIA SOLUTIONS PRIVATE LIMITED (MII) Under PMA,14,3.96,macbook
Active,1.0,27-05-2026 10:31:27,06-06-2026 11:00:00,06-06-2026 11:30:00,180.0,1.0,,Ministry Of Defence,Department Of Military Affairs,Hqids,***********,,10,10,0,2,0,GEM/2026/B/7590483,128700.0,129999.0,133342.91,BLUEBERRY INFO SOLUTION Under PMA,10,3.61,macbook
Active,5.0,19-05-2026 20:34:25,29-05-2026 21:00:00,29-05-2026 21:30:00,30.0,,,Ministry Of Defence,Department Of Military Affairs,Indian Army,***********,,6,3,3,3,0,GEM/2026/B/7561031,154000.0,172289.0,180040.0,Daksh Traders (MSE) ( MSE Social Category:General ) Under PMA,3,16.91,macbook
Active,1.0,11-05-2026 14:53:16,21-05-2026 15:00:00,21-05-2026 15:30:00,30.0,1.0,,Ministry Of Defence,Department Of Military Affairs,Indian Army,***********,,16,3,13,0,0,GEM/2026/B/7507756,117850.0,125000.0,128650.0,R S INFOSOLUTIONS Under PMA,3,9.16,macbook
Active,3.0,27-04-2026 14:50:37,07-05-2026 15:00:00,07-05-2026 15:30:00,180.0,2.0,,Ministry Of Defence,Department Of Military Affairs,Indian Navy,***********,,10,3,7,0,0,GEM/2026/B/7439006,458250.0,461250.0,477600.0,HANVIKA ENTERPRISES Under PMA,3,4.22,macbook
Active,1.0,27-04-2026 11:06:21,07-05-2026 12:00:00,07-05-2026 12:30:00,34.0,1.0,,Ministry Of Defence,Department Of Defence,Director General Of National Cadet Corps (dgncc),***********,,11,11,0,2,0,GEM/2026/B/7478659,99900.0,105000.0,109500.0,JBS TECHNOLOGY PRIVATE LIMITED Under PMA,11,9.61,macbook
,1.0,,,,,,,Ministry Of Defence,Department Of Military Affairs,Hqids,***********,,0,0,0,0,0,GEM/2026/B/7391630,69000.0,69760.0,69830.0,RADIUS SYSTEMS PRIVATE LIMITED Under PMA,5,1.2,macbook
Active,5.0,24-03-2026 15:36:32,14-04-2026 16:00:00,14-04-2026 16:30:00,180.0,1.0,,Ministry Of Education,Department Of Higher Education,Visva-bharati Santiniketan,West Bengal,,16,9,7,8,0,GEM/2026/B/7386772,243650.0,299904.0,308000.0,ALGLAZ INFRASERV PRIVATE LIMITED (MSE) ( MSE Social Category:General ) Under PMA,9,26.41,macbook
,2.0,,,,,1.0,,Ministry Of Defence,Department Of Defence,Director General Of National Cadet Corps (dgncc),***********,,0,0,0,0,0,GEM/2026/B/7344231,235764.0,236000.0,240000.0,N CORP Under PMA,3,1.8,macbook
Active,2.0,12-03-2026 17:42:25,23-03-2026 10:00:00,23-03-2026 10:30:00,15.0,,,Ministry Of Defence,Department Of Defence,Director General Of National Cadet Corps (dgncc),***********,,12,7,5,2,0,GEM/2026/B/7350443,200000.0,226000.0,227998.0,INSPIRE INFOTECH PRIVATE LIMITED Under PMA,7,14.0,macbook
,2.0,,,,,1.0,,Ministry Of Defence,Department Of Military Affairs,Indian Army,***********,,0,0,0,0,0,GEM/2026/B/7261646,223340.0,223610.0,230000.0,BLINK INDIA (MSE) Under PMA,4,2.98,macbook
,1.0,,,,,1.0,,Ministry Of Defence,Department Of Military Affairs,Indian Army,***********,,0,0,0,0,0,GEM/2026/B/7275865,117500.0,118000.0,118000.0,TANVIKA ENTERPRISES Under PMA,5,0.43,macbook
Active,1.0,23-02-2026 09:57:57,10-03-2026 10:00:00,10-03-2026 10:30:00,90.0,,,Ministry Of Electronics And Information Technology,Department Of Electronics And Information Technology,Centre For Development Of Advanced Computing (c-dac),Thiruvananthapuram,,2,1,1,1,0,GEM/2026/B/7276373,299897.0,,,AADINATH PERIPHERALS AND CONSUMABLES PRIVATE LIMITED ( MSE Social Category:General ) Under PMA,1,,macbook
,6.0,,,,,4.0,,Ministry Of Defence,Department Of Military Affairs,Indian Army,***********,,0,0,0,0,0,GEM/2026/B/7060428,707256.0,930000.0,934200.0,TRESOR VENTURES PRIVATE LIMITED (MII) Under PMA,3,32.09,macbook
Active,1.0,26-02-2026 13:16:35,09-03-2026 14:00:00,09-03-2026 14:30:00,30.0,,,Ministry Of Defence,Department Of Defence,Director General Of National Cadet Corps (dgncc),***********,,5,2,3,0,0,GEM/2026/B/7294892,117900.0,118500.0,,US INTERNATIONAL TRADERS Under PMA,2,,macbook
Active,2.0,24-02-2026 12:44:19,06-03-2026 13:00:00,06-03-2026 13:30:00,35.0,1.0,,Ministry Of Defence,Department Of Military Affairs,Indian Army,***********,,8,4,4,0,0,GEM/2026/B/7282804,235800.0,235998.0,236000.0,DREAMS CREATIONS AND TECHNOLOGY PRIVATE LIMITED Under PMA,4,0.08,macbook
Active,1.0,19-02-2026 15:29:06,02-03-2026 21:00:00,02-03-2026 21:30:00,90.0,,,Ministry Of Electronics And Information Technology,Department Of Electronics And Information Technology,Centre For Development Of Advanced Computing (c-dac),Centre For Development Of Advanced Computing / Kolkata,,7,5,2,1,0,GEM/2026/B/7263001,228865.0,229200.0,257990.0,sumitra enterprises Under PMA,5,12.73,macbook
Active,1.0,20-02-2026 13:56:32,02-03-2026 14:00:00,02-03-2026 14:30:00,30.0,,,Ministry Of Defence,Department Of Military Affairs,Indian Army,***********,,10,3,7,0,0,GEM/2026/B/7267981,118000.0,120500.0,122600.0,VEERESHWAR ENTERPRISES Under PMA,3,3.9,macbook
,4.0,,,,,3.0,,Ministry Of Defence,Department Of Military Affairs,Indian Army,***********,,0,0,0,0,0,GEM/2025/B/6854150,443720.0,444200.0,445160.0,ARROW PC NETWORK PRIVATE LIMITED (MII) Under PMA,3,0.32,macbook
Active,1.0,14-02-2026 18:47:51,24-02-2026 19:00:00,24-02-2026 19:30:00,180.0,,,Ministry Of Defence,Department Of Military Affairs,Indian Army,***********,,6,6,0,2,0,GEM/2026/B/7175263,118000.0,138500.0,141999.0,Impact IT Solutions Under PMA,6,20.34,macbook
Active,11.0,12-02-2026 17:15:32,23-02-2026 18:00:00,23-02-2026 18:30:00,30.0,4.0,,Ministry Of Defence,Department Of Military Affairs,Indian Army,***********,,8,4,4,2,4,GEM/2026/B/7217104,740000.0,753942.0,810563.0,ARROW PC NETWORK PRIVATE LIMITED (MII) Under PMA,4,9.54,macbook
Active,5.0,13-02-2026 13:34:52,23-02-2026 14:00:00,23-02-2026 14:30:00,30.0,,,Ministry Of Defence,Department Of Military Affairs,Indian Army,***********,,9,5,4,5,5,GEM/2026/B/7235132,526000.0,538000.0,587600.0,"FOUNTAIN STATIONERS (MSE,MII) ( MSE Social Category:General ) Under PMA",5,11.71,macbook
Active,4.0,10-02-2026 17:54:14,20-02-2026 18:00:00,20-02-2026 18:30:00,35.0,1.0,,Ministry Of Defence,Department Of Military Affairs,Indian Army,***********,,4,3,1,0,0,GEM/2026/B/7164960,499996.0,513400.0,535000.0,pargal enterprises Under PMA,3,7.0,macbook
Active,10.0,30-01-2026 11:09:09,20-02-2026 12:00:00,20-02-2026 12:30:00,120.0,6.0,,Ministry Of Labour And Employment,Na,Employees Provident Fund Organisation (epfo),"Regional Office, Ambattur",,18,13,5,1,13,GEM/2026/B/7167109,1047110.2,1129000.0,1135490.0,DATA LOGICS INDIA PRIVATE LIMITED Under PMA,13,8.44,macbook
,1.0,,,,,1.0,,Ministry Of Defence,Department Of Military Affairs,Indian Army,***********,,0,0,0,0,0,GEM/2025/B/7015860,117550.0,119000.0,119100.0,ROYAL ASSOCIATES (MSE) Under PMA,3,1.32,macbook
,1.0,,,,,1.0,,Ministry Of Defence,Department Of Military Affairs,Indian Army,***********,,0,0,0,0,0,GEM/2025/B/6968305,104000.0,104490.0,108500.0,INSPIRE INFOTECH PRIVATE LIMITED Under PMA,7,4.33,macbook
Active,1.0,04-02-2026 15:39:09,16-02-2026 09:00:00,16-02-2026 09:30:00,30.0,,,Ministry Of Defence,Department Of Military Affairs,Indian Army,***********,,16,3,13,0,0,GEM/2026/B/7191622,118000.0,122100.0,122900.0,SGM ENTERPRISE Under PMA,3,4.15,macbook
,5.0,,,,,3.0,,Ministry Of Defence,Department Of Military Affairs,Indian Navy,***********,,0,0,0,0,0,GEM/2025/B/7023725,570750.0,571356.0,572600.0,"BLINK INDIA (MSE,MII) Under PMA",6,0.32,macbook
Active,5.0,02-02-2026 13:26:12,13-02-2026 14:00:00,13-02-2026 14:30:00,180.0,3.0,,Ministry Of Defence,Department Of Military Affairs,Indian Army,***********,,6,3,3,0,3,GEM/2026/B/7153837,685950.0,686000.0,790000.0,Sai Traders (MII) Under PMA,3,15.17,macbook
Active,1.0,30-01-2026 13:08:16,09-02-2026 14:00:00,09-02-2026 14:30:00,30.0,1.0,,Ministry Of Defence,Department Of Military Affairs,Indian Army,***********,,8,3,5,0,0,GEM/2026/B/7168772,113319.0,117450.0,136500.0,DATA LOGICS INDIA PRIVATE LIMITED Under PMA,3,20.46,macbook
Active,2.0,27-01-2026 13:06:00,06-02-2026 14:00:00,06-02-2026 14:30:00,30.0,,,Ministry Of Defence,Department Of Military Affairs,Indian Army,***********,,5,5,0,1,0,GEM/2026/B/7153485,234320.0,245000.0,278000.0,Balaji traders Under PMA,5,18.64,macbook
Active,1.0,24-01-2026 16:48:04,03-02-2026 17:00:00,03-02-2026 17:30:00,90.0,,,Ministry Of Defence,Department Of Defence Production,Advanced Weapons And Equipment India Limited,***********,,8,4,4,1,0,GEM/2026/B/7149470,151199.15,159526.53,171525.42,RADIUS SYSTEMS PRIVATE LIMITED Under PMA,4,13.44,macbook
Active,2.0,13-01-2026 11:57:40,03-02-2026 12:00:00,03-02-2026 12:30:00,90.0,2.0,,Ministry Of Electronics And Information Technology,Department Of Electronics And Information Technology,Centre For Development Of Advanced Computing (c-dac),Hyderabad,,7,2,5,0,0,GEM/2026/B/7101718,492700.0,495118.0,,INSPIRE INFOTECH PRIVATE LIMITED Under PMA,2,,macbook
Active,,22-06-2026 12:56:58,25-06-2026 13:00:00,25-06-2026 13:30:00,90.0,,,Ministry Of Defence,Department Of Military Affairs,Indian Army,***********,,0,0,0,0,0,GEM/2026/B/7694738,48650.0,49916.0,69000.0,VANDANA COMPUTERS Under PMA,3,41.83,laptop
,1.0,,,,,,,Ministry Of Defence,Department Of Military Affairs,Indian Army,***********,,0,0,0,0,0,GEM/2026/B/7532020,105500.0,105890.0,108500.0,Maa Vaishno IT Solutions (MSE) Under PMA,4,2.84,laptop
Active,3.0,13-06-2026 18:47:04,23-06-2026 19:00:00,23-06-2026 19:30:00,30.0,,,Ministry Of Defence,Department Of Military Affairs,Indian Army,***********,,6,3,3,0,0,GEM/2026/B/7662514,353300.0,358500.0,366000.0,JAVID ELECTRONICS Under PMA,3,3.59,laptop
Active,21.0,13-06-2026 18:50:56,23-06-2026 19:00:00,23-06-2026 19:30:00,180.0,,,Ministry Of Defence,Department Of Military Affairs,Indian Army,***********,,5,3,2,3,0,GEM/2026/B/7662474,149800.0,169110.0,172967.2,MY ENTERPRISE (MSE) ( MSE Social Category:General ) Under PMA,3,15.47,laptop
Active,82.0,08-06-2026 14:21:53,23-06-2026 15:00:00,23-06-2026 15:30:00,30.0,10.0,,,College Education Department Rajasthan,N/a,Smb Govt Pg College Nathdwara,Rajasthan,0,0,0,0,0,GEM/2026/B/7627502,1955800.0,2109222.0,2215300.0,R. S. ENTERPRISE Under PMA,3,13.27,laptop
,,,,,,129.0,,Ministry Of Education,Department Of Higher Education,Indian Institute Of Management (iim),Bihar,,0,0,0,0,0,GEM/2026/B/7501202,3234000.82,3246180.0,,SIYARAM SOLUTION Under PMA,2,,laptop
Active,23.0,27-05-2026 14:51:30,22-06-2026 16:00:00,22-06-2026 16:30:00,180.0,9.0,,,Planning Department Maharashtra,N/a,"District Planning Commitee, Collector Office Nagpur",Maharashtra,0,0,0,0,0,GEM/2026/B/7586917,1977710.0,1982000.0,1990300.0,SPECTRUM SERVICES Under PMA,3,0.64,laptop
,4.0,,,,,1.0,,Ministry Of Defence,Department Of Military Affairs,Indian Army,***********,,0,0,0,0,0,GEM/2026/B/7606662,465500.0,471900.0,473800.0,GKDS TECHNOLOGIES Under PMA,3,1.78,laptop
Active,3.0,12-06-2026 12:00:35,22-06-2026 13:00:00,22-06-2026 13:30:00,30.0,,,,Health And Family Welfare Department Kerala,N/a,Taluk Hospital Kattappana,Kerala,8,4,4,2,0,GEM/2026/B/7656208,149850.0,167970.0,168000.0,K.M TECHNOLOGIES Under PMA,4,12.11,laptop
,9.0,,,,,5.0,,Ministry Of Defence,Department Of Military Affairs,Indian Army,***********,,0,0,0,0,0,GEM/2026/B/7560855,898470.0,899550.0,1062000.0,NEELKANTH TRADER (MII) Under PMA,6,18.2,laptop
Active,13.0,10-06-2026 13:06:16,20-06-2026 14:00:00,20-06-2026 14:30:00,34.0,1.0,,Ministry Of Defence,Department Of Military Affairs,Indian Army,***********,,5,3,2,3,3,GEM/2026/B/7616723,2706000.0,2742500.0,2746209.0,"M/S KUNJANG TRADERS (MSE,MII) ( MSE Social Category:ST ) Under PMA",3,1.49,laptop
Active,,11-06-2026 09:58:15,20-06-2026 12:00:00,20-06-2026 12:30:00,180.0,,,Ministry Of Defence,Department Of Military Affairs,Indian Army,***********,,0,0,0,0,0,GEM/2026/B/7645056,25000.0,28019.04,30973.7,Swastik Green Energy ( MSE Social Category:General ) Under PMA,4,23.89,laptop
,68.0,,,,,9.0,,Ministry Of Defence,Department Of Military Affairs,Indian Army,***********,,0,0,0,0,0,GEM/2026/B/7595331,1884942.0,1901266.0,1909450.0,"BHARAT FIRST ENTERPRISES (MSE,MII) Under PMA",3,1.3,laptop
,2.0,,,,,1.0,,Ministry Of Defence,Department Of Military Affairs,Indian Army,***********,,0,0,0,0,0,GEM/2026/B/7619160,235728.0,235998.0,236000.0,Impact IT Solutions (MII) Under PMA,6,0.12,laptop
Active,1.0,09-06-2026 14:13:34,19-06-2026 15:00:00,19-06-2026 15:30:00,30.0,,,,Local Self Government Department Kerala,N/a,Office Of The Project Director Pau Palakkad,Kerala,9,9,0,5,0,GEM/2026/B/7641334,51600.0,57444.0,61500.0,Rytebyte Infotech Under PMA,9,19.19,laptop
Active,1.0,16-06-2026 11:38:36,19-06-2026 12:00:00,19-06-2026 12:30:00,30.0,,,Ministry Of Defence,Department Of Defence,Director General Of National Cadet Corps (dgncc),***********,,4,2,2,0,0,GEM/2026/B/7669085,99994.0,107590.0,,AK COMPUTECH Under PMA,2,,laptop
Active,4.0,07-06-2026 18:47:04,18-06-2026 19:00:00,18-06-2026 19:30:00,180.0,1.0,,Ministry Of Defence,Department Of Military Affairs,Indian Army,***********,,13,13,0,2,0,GEM/2026/B/7633722,411600.0,424640.0,425980.0,UNICORN POST MEDIA SOLUTIONS PRIVATE LIMITED Under PMA,13,3.49,laptop
Active,1.0,08-06-2026 15:58:48,18-06-2026 17:00:00,18-06-2026 17:30:00,30.0,,,,General Administration Department Madhya Pradesh,N/a,Collector Office Raisen,Madhya Pradesh,3,3,0,3,3,GEM/2026/B/7636904,84750.0,85900.0,86999.0,SWASTIK ENTERPRISES ( MSE Social Category:SC ) Under PMA,3,2.65,laptop
Active,5.0,25-05-2026 16:31:52,18-06-2026 13:00:00,18-06-2026 13:30:00,30.0,,,,Local Self Government Department Kerala,N/a,Mukhathala Block Panchayath,Kerala,2,2,0,0,0,GEM/2026/B/7576049,286350.0,465000.0,,SUNBEAM Under PMA,2,,laptop
Active,,12-06-2026 10:28:48,18-06-2026 11:00:00,18-06-2026 11:30:00,75.0,,,Ministry Of Consumer Affairs Food And Public Distribution,Department Of Food And Public Distribution,Food Corporation Of India (fci),District Office Kota,,0,0,0,0,0,GEM/2026/B/7655233,27670.0,92012.0,98012.0,BRIGHT INFOSIS ( MSE Social Category:OBC ) Under PMA,6,254.22,laptop
,6.0,,,,,,,Ministry Of Defence,Department Of Military Affairs,Indian Army,***********,,0,0,0,0,0,GEM/2026/B/7540238,1443855.0,1484562.0,1550515.0,G M Enterprises (MII) Under PMA,3,7.39,laptop
Active,,06-06-2026 19:36:54,17-06-2026 19:00:00,17-06-2026 19:30:00,30.0,1.0,,,Urban Development Department Uttar Pradesh,E-municipalities - Eservices To Citizens And Employees Of Urban Local Bodies Of Uttar Pradesh,Np Baberu Banda,Uttar Pradesh,0,0,0,0,0,GEM/2026/B/7632863,205000.0,232800.0,237492.0,SHUBH FABRI WORKS ( MSE Social Category:General ) Under PMA,3,15.85,laptop
,,,,,,5.0,,Ministry Of Defence,Department Of Military Affairs,Indian Army,***********,,0,0,0,0,0,GEM/2026/B/7618365,320250.0,322800.0,324900.0,BEGET COMPUTERS Under PMA,3,1.45,laptop
,,,,,,10.0,,Ministry Of Education,Department Of School Education And Literacy,Kendriya Vidyalaya Sangathan,Kvs Ro Chandigarh,,0,0,0,0,0,GEM/2026/B/7606736,398700.0,433400.0,446600.0,D.S. TRADERS Under PMA,3,12.01,laptop
,,,,,,2.0,,Ministry Of Defence,Department Of Military Affairs,Indian Army,***********,,0,0,0,0,0,GEM/2026/B/7479816,198200.0,200800.0,226630.0,Maheer Enterprises Under PMA,3,14.34,laptop
Active,138.0,06-06-2026 10:09:01,16-06-2026 11:00:00,16-06-2026 11:30:00,180.0,,,Ministry Of Defence,Department Of Defence,Controller General Of Defence Accounts,***********,,4,4,0,4,0,GEM/2026/B/7630301,267665.0,272256.0,272666.0,YAKSHA TRADER'S (MSE) ( MSE Social Category:SC ) Under PMA,4,1.87,laptop
Active,2.0,05-06-2026 18:23:25,15-06-2026 20:00:00,15-06-2026 20:30:00,180.0,,,Ministry Of Defence,Department Of Military Affairs,Indian Army,***********,,5,3,2,0,0,GEM/2026/B/7627657,236000.0,239840.0,245922.0,FAIR ENTERPRISES Under PMA,3,4.2,laptop
Active,,04-06-2026 15:38:07,15-06-2026 16:00:00,15-06-2026 16:30:00,45.0,37.0,,,"Up Legislative Council Secretariat, Vidhan Bhawan Lucknow","Up Legislative Council Secretariat, Lucknow",Up Vidhan Parishad Sachivalaya Vidhan Bhawan Lko,Uttar Pradesh,0,0,0,0,0,GEM/2026/B/7612039,996300.0,1046550.0,1072000.0,AGRAY INFOSOLUTIONS PRIVATE LIMITED Under PMA,3,7.6,laptop
,153.0,,,,,30.0,,Ministry Of Defence,Department Of Military Affairs,Indian Army,***********,,0,0,0,0,0,GEM/2026/B/7534861,6992485.0,7152852.98,7304831.0,"BALAJI EQUIPMENT (MSE,MII) Under PMA",3,4.47,laptop
Active,1.0,05-06-2026 14:24:14,15-06-2026 15:00:00,15-06-2026 15:30:00,60.0,,,,State Public Service Commission,Maharashtra Public Service Commission (mpsc),Maharashtra Public Service Commission,Maharashtra,6,6,0,2,0,GEM/2026/B/7627188,83013.0,83333.0,98000.0,ORISENC TECHNOLOGIES PRIVATE LIMITED Under PMA,6,18.05,laptop
,2.0,,,,,1.0,,Ministry Of Defence,Department Of Military Affairs,Indian Army,***********,,0,0,0,0,0,GEM/2026/B/7461399,231700.0,232000.0,283000.0,DHARAM AGENCIES (MII) Under PMA,7,22.14,laptop
Active,1.0,31-05-2026 19:45:52,15-06-2026 10:00:00,15-06-2026 10:30:00,30.0,1.0,,Ministry Of Defence,Department Of Military Affairs,Indian Army,***********,,5,3,2,0,0,GEM/2026/B/7604546,118000.0,130000.0,182000.0,M/S THE A.A ENTERPRISES Under PMA,3,54.24,laptop
Active,5.0,03-06-2026 11:31:11,13-06-2026 21:00:00,13-06-2026 21:30:00,60.0,,,,Health And Family Welfare Department Kerala,State Institute Of Medical Education And Technology (si-met) Government Of Kerala,Ayampara,Kerala,12,4,8,0,0,GEM/2026/B/7615096,287500.0,295800.0,307000.0,RJ ENTERPRISES Under PMA,4,6.78,laptop
,11.0,,,,,4.0,,Ministry Of Defence,Department Of Military Affairs,Indian Army,***********,,0,0,0,0,0,GEM/2026/B/7513623,1360850.0,1368500.0,1376460.0,DEFTECH & GREENINDIA PRIVATE LIMITED (MII) Under PMA,3,1.15,laptop
Active,,03-06-2026 13:26:41,13-06-2026 14:00:00,13-06-2026 14:30:00,15.0,,,,Rural Development And Panchayat Raj Department Maharashtra,N/a,Panchayat Samiti Talasari,Maharashtra,0,0,0,0,0,GEM/2026/B/7616404,72457.0,72557.0,72657.0,VISHAL ENTERPRISES Under PMA,3,0.28,laptop
Active,1.0,03-06-2026 10:26:22,13-06-2026 11:00:00,13-06-2026 11:30:00,36.0,,,Ministry Of Communications,Department Of Telecommunications (dot),Controller General Of Communication Accounts,Cca Hp Shimla,,5,5,0,0,0,GEM/2026/B/7607108,71000.0,72500.0,74451.0,GENESYS PERIPHERALS Under PMA,5,4.86,laptop
,5.0,,,,,3.0,,Ministry Of Defence,Department Of Military Affairs,Indian Army,***********,,0,0,0,0,0,GEM/2026/B/7441073,584950.0,625000.0,,KRISHNA ENTERPRISES (MII) Under PMA,2,,laptop
Active,6.0,29-05-2026 19:18:21,12-06-2026 20:00:00,12-06-2026 20:30:00,180.0,,,Ministry Of Defence,Department Of Military Affairs,Indian Army,***********,,3,3,0,3,0,GEM/2026/B/7600793,20970.0,22870.0,23917.0,RAINBOW (MSE) ( MSE Social Category:General ) Under PMA,3,14.05,laptop
,30.0,,,,,26.0,,,Revenue Department Gujarat,N/a,Collector Office Valsad,Gujarat,0,0,0,0,0,GEM/2026/B/7549126,1468200.0,1469700.0,,VERISAS SERVICE PRIVATE LIMITED (MII) Under PMA,2,,laptop
,3.0,,,,,,,,Personnel Department Punjab,"Mahatma Gandhi State Institute Of Public Administration, Punjab (mgsipa)",Sector 26 Chandigarh,Punjab,0,0,0,0,0,GEM/2026/B/7439382,237675.0,281661.0,310500.0,MAVEN ENTERPRISES Under PMA,3,30.64,laptop
,22.0,,,,,6.0,,Ministry Of Consumer Affairs Food And Public Distribution,Department Of Food And Public Distribution,N/a,Department,,0,0,0,0,0,GEM/2026/B/7564267,1297945.0,1304600.0,1347500.0,Vaishnavi Enterprises (MII) Under PMA,3,3.82,laptop
,,,,,,,,Ministry Of Defence,Department Of Defence,Controller General Of Defence Accounts,***********,,0,0,0,0,0,GEM/2026/B/7562764,2129605.0,2360141.0,2644467.8,CORPORATE INFOTECH PRIVATE LIMITED. Under PMA,3,24.18,desktop
,16.0,,,,,2.0,,Ministry Of Defence,Department Of Military Affairs,Indian Army,***********,,0,0,0,0,0,GEM/2026/B/7594972,496250.0,520625.0,535560.0,"M/S PR ENTERPRISES (MSE,MII) Under PMA",3,7.92,desktop
Active,5.0,15-06-2026 19:37:49,25-06-2026 20:00:00,25-06-2026 20:30:00,180.0,2.0,,Ministry Of Labour And Employment,Na,Employees Provident Fund Organisation (epfo),Berhampur,,11,5,6,1,0,GEM/2026/B/7667620,359901.85,544995.0,549995.0,YURATECH GLOBAL PRIVATE LIMITED (MSE) ( MSE Social Category:SC ) Under PMA,5,52.82,desktop
Active,22.0,14-06-2026 11:42:43,24-06-2026 12:00:00,24-06-2026 12:30:00,35.0,,,Ministry Of Defence,Department Of Military Affairs,Indian Army,***********,,5,3,2,3,0,GEM/2026/B/7662945,62320.0,79550.0,82860.0,ANANYA ENTERPRISES ( MSE Social Category:OBC ) Under PMA,3,32.96,desktop
,3.0,,,,,2.0,,Ministry Of Defence,Department Of Military Affairs,Indian Army,***********,,0,0,0,0,0,GEM/2026/B/7634864,499999.99,603104.76,632478.89,ICONIC IT TECHNOLOGY Under PMA,3,26.5,desktop
Active,2.0,12-06-2026 19:47:33,22-06-2026 20:00:00,22-06-2026 20:30:00,35.0,1.0,,Ministry Of Defence,Department Of Military Affairs,Indian Army,***********,,9,2,7,0,2,GEM/2026/B/7659928,340200.0,,,SWARN TRADERS Under PMA,2,,desktop
Active,6.0,11-06-2026 18:23:48,22-06-2026 19:00:00,22-06-2026 19:30:00,30.0,,,Ministry Of Defence,Department Of Military Affairs,Indian Army,***********,,4,3,1,2,0,GEM/2026/B/7654189,49500.0,55460.0,58785.0,REAL PC COM PRIVATE LIMITED (MSE) ( MSE Social Category:General ) Under PMA,3,18.76,desktop
Active,6.0,12-06-2026 15:30:49,22-06-2026 16:00:00,22-06-2026 16:30:00,15.0,,,,Co-operation Department Odisha,N/a,Deputy Registrar Of Cooperative Societies Jeypore,Odisha,2,2,0,0,0,GEM/2026/B/7657446,309000.0,310800.0,,ZHAPAAK BUSINESS SOLUTIONS PRIVATE LIMITED Under PMA,2,,desktop
Active,4.0,11-06-2026 11:25:08,22-06-2026 13:00:00,22-06-2026 13:30:00,30.0,,,,Higher Education Department Kerala,N/a,Adoor,Kerala,7,2,5,1,0,GEM/2026/B/7650337,280200.0,284800.0,,K.M TECHNOLOGIES Under PMA,2,,desktop
Active,15.0,10-06-2026 21:45:03,22-06-2026 10:00:00,22-06-2026 10:30:00,30.0,4.0,,,"Higher Education Department, Assam",North Kamrup College,Baghmara,Assam,6,3,3,1,0,GEM/2026/B/7649499,1160140.0,1166897.72,1172207.72,M/S METRO COMPUTERS ( MSE Social Category:General ) Under PMA,3,1.04,desktop
,15.0,,,,,6.0,,Ministry Of Defence,Department Of Military Affairs,Indian Army,***********,,0,0,0,0,0,GEM/2026/B/7571905,1337884.0,1341141.0,1342617.0,"FABIO NETWORKS PRIVATE LIMITED (MSE,MII) Under PMA",5,0.35,desktop
Active,33.0,12-06-2026 08:17:54,22-06-2026 09:00:00,22-06-2026 09:30:00,180.0,10.0,,Ministry Of Defence,Department Of Military Affairs,Indian Army,***********,,3,3,0,0,3,GEM/2026/B/7521127,2370994.0,2373394.0,2423389.0,Saarang Enterprises (MII) Under PMA,3,2.21,desktop
,10.0,,,,,3.0,,Ministry Of Defence,Department Of Military Affairs,Indian Army,***********,,0,0,0,0,0,GEM/2026/B/7518073,699991.0,704000.0,711000.0,VARDHMAN ENTERPRISE (MII) Under PMA,3,1.57,desktop
,30.0,,,,,16.0,,Ministry Of Defence,Department Of Military Affairs,Indian Army,***********,,0,0,0,0,0,GEM/2026/B/7495499,3255000.0,3264000.0,3280500.0,SAAR TECHNOLOGIES Under PMA,5,0.78,desktop
Active,1.0,10-06-2026 11:18:36,20-06-2026 12:00:00,20-06-2026 12:30:00,45.0,,,Ministry Of Defence,Department Of Military Affairs,Indian Army,***********,,5,3,2,0,0,GEM/2026/B/7645067,58000.0,62060.0,68000.0,J.S.ENTERPRISES Under PMA,3,17.24,desktop
,24.0,,,,,12.0,,Ministry Of Defence,Department Of Military Affairs,Indian Army,***********,,0,0,0,0,0,GEM/2026/B/7452976,2508000.0,2531000.0,2773380.0,GANGA TRADERS (MII) Under PMA,3,10.58,desktop
,2.0,,,,,,,Ministry Of Defence,Department Of Military Affairs,Indian Army,***********,,0,0,0,0,0,GEM/2026/B/7562639,237550.0,237800.0,243150.0,DHARAM AGENCIES Under PMA,3,2.36,desktop
,5.0,,,,,3.0,,Ministry Of Defence,Department Of Military Affairs,Indian Army,***********,,0,0,0,0,0,GEM/2026/B/7579455,649495.0,653125.0,655000.0,BLINK INDIA (MII) Under PMA,3,0.85,desktop
Active,1.0,09-06-2026 18:39:55,19-06-2026 19:00:00,19-06-2026 19:30:00,30.0,,,Ministry Of Defence,Department Of Military Affairs,Indian Army,***********,,9,4,5,0,0,GEM/2026/B/7643489,76100.0,76893.0,78999.0,HARI COMPUTER CENTRE Under PMA,4,3.81,desktop
Active,10.0,02-06-2026 14:18:22,19-06-2026 17:00:00,19-06-2026 17:30:00,30.0,6.0,,,Skill Development And Entrepreneurship Department Maharashtra,Director Of Vocational Education And Training,Dvet Head Office,Maharashtra,0,0,0,0,0,GEM/2026/B/7611215,1156500.0,1194500.0,1223400.0,OSWAL INFO WORLD PRIVATE LIMITED Under PMA,3,5.78,desktop
,38.0,,,,,24.0,,Ministry Of Defence,Department Of Military Affairs,Indian Air Force,***********,,0,0,0,0,0,GEM/2026/B/7386196,6422000.0,6452400.0,6563360.0,VIJEX OFFICE EQUIPMENTS PRIVATE LIMITED Under PMA,3,2.2,desktop
Active,3.0,15-06-2026 14:57:09,18-06-2026 15:00:00,18-06-2026 15:30:00,180.0,2.0,,Ministry Of Defence,Department Of Military Affairs,Indian Army,***********,,13,3,10,0,0,GEM/2026/B/7665678,258000.0,262230.0,266085.0,ZIP ZAP COMPUTERS Under PMA,3,3.13,desktop
,5.0,,,,,17.0,,Ministry Of Defence,Department Of Military Affairs,Indian Army,***********,,0,0,0,0,0,GEM/2026/B/7522726,3498500.0,3865000.0,3965000.0,"SALASAR TRADERS (MSE,MII) Under PMA",4,13.33,desktop
,,,,,,10.0,,Ministry Of Education,Department Of School Education And Literacy,Kendriya Vidyalaya Sangathan,Kvs Ro Chandigarh,,0,0,0,0,0,GEM/2026/B/7611162,354950.0,375010.0,378250.0,M/S P.S. COMPUTERS Under PMA,3,6.56,desktop
Active,19.0,26-05-2026 18:47:47,16-06-2026 19:00:00,16-06-2026 19:30:00,30.0,,,Ministry Of Rural Development,Department Of Rural Development (drd),Pradhan Mantri Gram Sadak Yojana (pmgsy),Chief Engineer Pmgsy Jammu,,5,4,1,0,4,GEM/2026/B/7589565,808500.0,912000.0,1020000.0,AD CONTRACTS & SUPPLIES (MII) Under PMA,4,26.16,desktop
Active,,06-06-2026 16:07:39,16-06-2026 17:00:00,16-06-2026 17:30:00,15.0,,,,Rural Development And Panchayat Raj Department Maharashtra,N/a,Msh271 Bhandara Tumsar Road Tumsar Tumsar,Maharashtra,0,0,0,0,0,GEM/2026/B/7632343,96500.0,,,D R ENTERPRISES Under PMA,1,,desktop
Active,4.0,06-06-2026 15:53:40,16-06-2026 16:00:00,16-06-2026 16:30:00,30.0,1.0,,,Animal Husbandry Department Kerala,Kerala Livestock Development Board (kldb),Gokula Pattom Thiruvananthapuram,Kerala,12,4,8,2,0,GEM/2026/B/7632206,279600.0,281240.0,298000.0,Prajwalit Solutions LLP Under PMA,4,6.58,desktop
Active,30.0,06-06-2026 12:42:07,16-06-2026 13:00:00,16-06-2026 13:30:00,120.0,5.0,,Ministry Of Education,Department Of School Education And Literacy,Kendriya Vidyalaya Sangathan,Kvs Regional Office Chennai,,13,13,0,5,13,GEM/2026/B/7629632,1459500.0,1540770.0,1692000.0,EVVO TECHNOLOGY SOLUTIONS PRIVATE LIMITED (MII) Under PMA,13,15.93,desktop
Active,1.0,11-06-2026 12:55:20,15-06-2026 20:00:00,15-06-2026 20:30:00,30.0,,,Ministry Of Defence,Department Of Defence,Director General Of National Cadet Corps (dgncc),***********,,10,3,7,0,0,GEM/2026/B/7651447,62000.0,64000.0,66000.0,OM SYSTEM Under PMA,3,6.45,desktop
,21.0,,,,,12.0,,Ministry Of Defence,Department Of Military Affairs,Indian Army,***********,,0,0,0,0,0,GEM/2026/B/7523101,4370600.0,4543000.0,4548000.0,"HindTech Sales And Services (MSE,MII) Under PMA",3,4.06,desktop
,128.0,,,,,6.0,,Ministry Of Defence,Department Of Military Affairs,Indian Army,***********,,0,0,0,0,0,GEM/2026/B/7478576,1781900.0,1823500.0,1960100.0,"RAJ ENTERPRISE (MSE,MII) Under PMA",3,10.0,desktop
,6.0,,,,,,,,Health & Family Welfare Department Gujarat,Gujarat Medical Education And Research Society (gmers),Gmers Hospital Valsad,Gujarat,0,0,0,0,0,GEM/2026/B/7487354,582500.0,586500.0,712335.0,TOPNOTCH SOLUTION Under PMA,3,22.29,desktop
Active,4.0,05-06-2026 14:06:05,15-06-2026 16:00:00,15-06-2026 16:30:00,30.0,,,,Health And Family Welfare Department Kerala,Health Department,Taluk Headquarters Hospital Bedadka,Kerala,7,2,5,0,0,GEM/2026/B/7619154,315200.0,328000.0,,RJ ENTERPRISES Under PMA,2,,desktop
Active,,04-06-2026 16:16:35,15-06-2026 16:00:00,15-06-2026 16:30:00,30.0,,,Ministry Of Labour And Employment,Na,Employees Provident Fund Organisation (epfo),Kozhikode,,0,0,0,0,0,GEM/2026/B/7622944,38350.0,52500.0,,HYKON INDIA LIMITED Under PMA,2,,desktop
,11.0,,,,,,,Ministry Of Defence,Department Of Defence Research & Development,Office Of Dg (hr),***********,,0,0,0,0,0,GEM/2026/B/7469766,1297890.0,1323289.0,,JBS TECHNOLOGY PRIVATE LIMITED (MII) Under PMA,2,,notebook
Active,9.0,05-06-2026 10:52:30,20-06-2026 21:00:00,20-06-2026 21:30:00,30.0,,,,Home Department Kerala,Police Department,Police Headquarters,Kerala,6,3,3,0,0,GEM/2026/B/7612374,845000.0,873500.0,906000.0,RJ ENTERPRISES Under PMA,3,7.22,notebook
Active,2.0,10-06-2026 15:43:21,20-06-2026 16:00:00,20-06-2026 16:30:00,60.0,,,,Local Self Government Department Kerala,N/a,Paivalike Grama Panchayat,Kerala,4,2,2,0,0,GEM/2026/B/7647323,136000.0,139000.0,,RJ ENTERPRISES Under PMA,2,,notebook
Active,13.0,09-06-2026 16:35:05,19-06-2026 17:00:00,19-06-2026 17:30:00,60.0,5.0,,,Social Justice And Special Assistance Department Maharashtra,N/a,Vasantrao Naik Research And Training Institute,Maharashtra,0,0,0,0,0,GEM/2026/B/7642463,1075000.0,1094859.0,1099400.0,OSWAL INFO WORLD PRIVATE LIMITED Under PMA,4,2.27,notebook
Active,1.0,08-06-2026 13:13:52,18-06-2026 14:00:00,18-06-2026 14:30:00,180.0,,,,Public Works Department West Bengal,Pwd Electrical,Office Of The Chief Engineer Electrical Pwd,West Bengal,4,3,1,1,0,GEM/2026/B/7635685,125055.0,130620.0,135950.0,SOFT LINK TECHNOLOGIES Under PMA,3,8.71,notebook
,1.0,,,,,1.0,,,Urban Local Bodies,N/a,Municipal Committee Indri,Haryana,0,0,0,0,0,GEM/2026/B/7600414,105000.0,117000.0,120000.0,HAWA SINGH TRADERS Under PMA,3,14.29,notebook
Active,10.0,06-06-2026 12:45:30,16-06-2026 13:00:00,16-06-2026 13:30:00,30.0,4.0,,,Vocational Education And Skill Development Department Uttar Pradesh,"Directorate Of Training And Employment, Lucknow",Sonbhadra,Uttar Pradesh,3,3,0,1,0,GEM/2026/B/7628011,1120000.0,1200000.0,1450000.0,M/s Meerja Enterprises Under PMA,3,29.46,notebook
Active,6.0,05-06-2026 10:40:54,15-06-2026 11:00:00,15-06-2026 11:30:00,60.0,1.0,,,"Kerala State Planning Board, Thiruvananthapuram",N/a,District Planning Office Thiruvananthapuram,Kerala,8,4,4,0,0,GEM/2026/B/7625349,476702.0,483000.0,486000.0,GAIN INFOSYSTEMS PRIVATE LIMITED Under PMA,4,1.95,notebook
Active,4.0,02-06-2026 14:14:06,12-06-2026 21:00:00,12-06-2026 21:30:00,30.0,,,,"Kerala State Planning Board, Thiruvananthapuram",N/a,Idukki,Kerala,5,3,2,0,0,GEM/2026/B/7611316,333500.0,345500.0,350175.0,RJ ENTERPRISES Under PMA,3,5.0,notebook
Active,6.0,02-06-2026 12:28:09,12-06-2026 13:00:00,12-06-2026 13:30:00,30.0,1.0,,,Higher Education Department Kerala,Government Victoria College Palakkad,Palakkad,Kerala,12,4,8,0,0,GEM/2026/B/7610561,470000.0,484000.0,496000.0,GAIN INFOSYSTEMS PRIVATE LIMITED Under PMA,4,5.53,notebook
Active,7.0,30-05-2026 13:42:08,09-06-2026 14:00:00,09-06-2026 14:30:00,30.0,2.0,,,Local Self Government Department Kerala,N/a,Corporation Kozhikod,Kerala,8,1,7,1,0,GEM/2026/B/7602420,346920.0,,,LEGENDARY DISTRIBUTORS PRIVATE LIMITED ( MSE Social Category:OBC ) Under PMA,1,,notebook
Active,2.0,29-05-2026 15:17:41,08-06-2026 16:00:00,08-06-2026 16:30:00,180.0,,,Ministry Of Education,Department Of Higher Education,Indian Institute Of Technology (iit),Huaz Khas Delhi,,5,3,2,0,3,GEM/2026/B/7599033,299800.0,313700.0,333800.0,ODISSI SYSTEMS AND SOLUTIONS (MII) Under PMA,3,11.34,notebook
Active,2.0,29-05-2026 13:48:28,08-06-2026 14:00:00,08-06-2026 14:30:00,60.0,1.0,,,Local Self Government Department Kerala,Kollam Corporation,Kollam Municipal Corporation,Kerala,7,1,6,0,0,GEM/2026/B/7598519,101000.0,,,EXTREME I T SOLUTIONS Under PMA,1,,notebook
,3860.0,,,,,,,Ministry Of Home Affairs,"Department Of Jammu, Kashmir And Ladakh Affairs",Jammu And Kashmir Police,Technical Services Hqrs Jammu And Kashmir,,0,0,0,0,0,GEM/2026/B/7530817,68750.0,69040.0,69900.0,MOONRISE TRADING Under PMA,6,1.67,notebook
Active,10.0,22-05-2026 15:33:24,06-06-2026 13:00:00,06-06-2026 13:30:00,30.0,2.0,,,Revenue And Disaster Management Department Odisha,Revenue Divisional Commissioner Central Division,Tahasil Office Jaleswar,Odisha,4,3,1,0,0,GEM/2026/B/7572637,475000.0,477500.0,480370.0,SANGANAKAH TECHTRONIC PRIVATE LIMITED Under PMA,3,1.13,notebook
Active,10686.0,15-05-2026 13:44:00,05-06-2026 14:00:00,05-06-2026 14:30:00,45.0,2.0,,Ministry Of Tribal Affairs,Ministry Of Tribal Affairs,National Education Society For Tribal Students,Delhi,,18,6,12,5,6,GEM/2026/B/7544804,316372.5,316458.4,328952.0,"OSCAR ASSOCIATES (MSE,MII) ( MSE Social Category:OBC ) Under PMA",6,3.98,notebook
Active,2.0,25-05-2026 13:45:05,04-06-2026 14:00:00,04-06-2026 14:30:00,30.0,1.0,,,Local Self Government Department Kerala,N/a,Punalur Municipality,Kerala,4,1,3,0,0,GEM/2026/B/7581869,101000.0,,,EXTREME I T SOLUTIONS Under PMA,1,,notebook
Active,1464.0,24-05-2026 19:17:30,03-06-2026 20:00:00,03-06-2026 20:30:00,90.0,,,Ministry Of Defence,Department Of Military Affairs,Indian Army,***********,,6,3,3,3,0,GEM/2026/B/7579992,190953.0,209940.0,214093.0,Gupta And Company (MSE) ( MSE Social Category:General ) Under PMA,3,12.12,notebook
,9.0,,,,,8.0,,Ministry Of Information And Broadcasting,Ministry Of Information And Broadcasting,I&b Main Secretariate,"Main Sectt., Shastri Bhawan",,0,0,0,0,0,GEM/2026/B/7488796,1650600.0,1659600.0,1673100.0,VISITANT TECHNOLOGIES PRIVATE LIMITED (MII) Under PMA,4,1.36,notebook
Active,5500.0,12-05-2026 17:25:28,02-06-2026 18:00:00,02-06-2026 18:30:00,30.0,2.0,,Ministry Of Education,Department Of Higher Education,Indian Institute Of Management (iim),Visakhapatnam,,9,9,0,7,9,GEM/2026/B/7531860,676000.0,694250.0,696500.0,"KRISHNA TRADING CO (MSE,MII) ( MSE Social Category:General ) Under PMA",9,3.03,notebook
,3.0,,,,,1.0,,Ministry Of Defence,Department Of Military Affairs,Indian Army,***********,,0,0,0,0,0,GEM/2026/B/7483834,353994.0,355500.0,364500.0,SAAR TECHNOLOGIES Under PMA,3,2.97,notebook
Active,1.0,29-05-2026 10:45:27,01-06-2026 11:00:00,01-06-2026 11:30:00,180.0,,,Ministry Of Defence,Department Of Defence,Director General Of National Cadet Corps (dgncc),***********,,4,3,1,0,0,GEM/2026/B/7597142,99998.0,103420.0,105430.0,AK COMPUTECH Under PMA,3,5.43,notebook
Active,1.0,19-05-2026 12:22:51,29-05-2026 13:00:00,29-05-2026 13:30:00,30.0,,,,Local Self Government Department Kerala,N/a,Vellathooval,Kerala,7,1,6,1,0,GEM/2026/B/7557771,61000.0,,,Hind Digital Solutions ( MSE Social Category:General ) Under PMA,1,,notebook
Active,3.0,18-05-2026 17:31:59,28-05-2026 18:00:00,28-05-2026 18:30:00,30.0,1.0,,,Public Health Engineering Department Madhya Pradesh,N/a,Madhya Pradesh Jal Nigam Maryadit,Madhya Pradesh,3,3,0,3,3,GEM/2026/B/7555482,156000.0,160500.0,169470.0,SWASTIK ENTERPRISES ( MSE Social Category:SC ) Under PMA,3,8.63,notebook
Active,37.0,07-05-2026 17:37:52,27-05-2026 15:00:00,27-05-2026 15:30:00,60.0,,,Ministry Of Education,Department Of Higher Education,Indian Institute Of Management (iim),Mumbai,,2,2,0,0,2,GEM/2026/B/7514729,11481400.0,13100000.0,,MASCOM ELECTRONICS PRIVATE LIMITED (MII) Under PMA,2,,notebook
Active,62.0,14-05-2026 13:07:41,25-05-2026 13:00:00,25-05-2026 13:30:00,30.0,,,Ministry Of Finance,Department Of Financial Services,State Bank Of India (sbi),Corporate Centre Mumbai,,8,3,5,0,3,GEM/2026/B/7539300,6464182.0,6841514.0,12510360.0,ABRARI GADJET TRADING PRIVATE LIMITED Under PMA,3,93.53,notebook
Active,3.0,18-05-2026 10:44:25,25-05-2026 11:00:00,25-05-2026 11:30:00,180.0,1.0,,Ministry Of Defence,Department Of Military Affairs,Indian Navy,***********,,6,4,2,0,0,GEM/2026/B/7418405,238500.0,239400.0,258000.0,AGASTYA INTERNATIONAL Under PMA,4,8.18,notebook
Active,1.0,29-05-2026 09:05:29,08-06-2026 10:00:00,08-06-2026 10:30:00,180.0,,,Ministry Of Defence,Department Of Military Affairs,Indian Army,***********,,13,10,3,1,0,GEM/2026/B/7596707,113000.0,114850.0,116982.0,YOUNG SOLUTIONS (MSE) ( MSE Social Category:SC ) Under PMA,10,3.52,macbook
,12.0,,,,,4.0,,Ministry Of Defence,Department Of Military Affairs,Indian Army,***********,,0,0,0,0,0,GEM/2026/B/7300851,1367980.0,1377637.0,1409269.0,"POWERTEK ELECTRONIC SYSTEM (MSE,MII) Under PMA",4,3.02,macbook
,6.0,,,,,3.0,,Ministry Of Defence,Department Of Military Affairs,Indian Army,***********,,0,0,0,0,0,GEM/2026/B/7301401,690997.0,691800.0,732000.0,"FOUNTAIN STATIONERS (MSE,MII) Under PMA",3,5.93,macbook
Active,1.0,02-03-2026 11:02:47,12-03-2026 12:00:00,12-03-2026 12:30:00,180.0,,,Ministry Of Defence,Department Of Military Affairs,Indian Army,***********,,7,4,3,0,0,GEM/2026/B/7283045,118000.0,129600.0,132600.0,M/S ARYA TRADERS Under PMA,4,12.37,macbook
,4.0,,,,,2.0,,Ministry Of Defence,Department Of Military Affairs,Indian Army,***********,,0,0,0,0,0,GEM/2026/B/7124542,463340.0,464280.0,464800.0,ADYANSH ENTERPRISES Under PMA,5,0.32,macbook
,2.0,,,,,1.0,,Ministry Of Defence,Department Of Military Affairs,Indian Army,***********,,0,0,0,0,0,GEM/2026/B/7217421,235996.0,237000.0,242000.0,RV TECHNOLOGIES Under PMA,3,2.54,macbook
Active,4.0,19-02-2026 11:26:20,02-03-2026 12:00:00,02-03-2026 12:30:00,30.0,1.0,,Ministry Of Defence,Department Of Military Affairs,Indian Army,***********,,10,3,7,0,0,GEM/2026/B/7257315,470000.0,471200.0,472800.0,VITALBRIDGE SOLUTIONS LLP Under PMA,3,0.6,macbook
Active,1.0,09-02-2026 13:14:25,26-02-2026 12:00:00,26-02-2026 12:30:00,30.0,1.0,,Ministry Of Defence,Department Of Military Affairs,Indian Army,***********,,9,3,6,0,0,GEM/2026/B/7175275,116700.0,117500.0,118700.0,TANVIKA ENTERPRISES Under PMA,3,1.71,macbook
Active,3.0,11-02-2026 12:01:00,21-02-2026 13:00:00,21-02-2026 13:30:00,30.0,,,Ministry Of Defence,Department Of Military Affairs,Indian Army,***********,,5,4,1,0,0,GEM/2026/B/7195121,387000.0,389000.0,390000.0,INTELLECT TECH SOLUTION Under PMA,4,0.78,macbook
Active,140.0,27-01-2026 16:01:09,19-02-2026 21:00:00,19-02-2026 21:30:00,90.0,33.0,,Ministry Of Law And Justice,Department Of Justice,N/a,Mumbai,,16,1,15,0,0,GEM/2026/B/7138592,7233460.0,,,RADIUS SYSTEMS PRIVATE LIMITED Under PMA,1,,macbook
Active,9.0,05-02-2026 13:43:09,16-02-2026 14:00:00,16-02-2026 14:30:00,34.0,4.0,,Ministry Of Defence,Department Of Defence,Mod Sectt Establishment,***********,,15,5,10,4,5,GEM/2026/B/7195966,997000.0,1032000.0,1037000.0,"XTREME OFFICE AIDS PRIVATE LIMITED (MSE,MII) ( MSE Social Category:General ) Under PMA",5,4.01,macbook
,3.0,,,,,,,Ministry Of Defence,Department Of Military Affairs,Indian Army,***********,,0,0,0,0,0,GEM/2025/B/6989033,293700.0,352500.0,353397.0,BLINK INDIA (MSE) Under PMA,3,20.33,macbook
Active,1.0,03-02-2026 10:23:56,13-02-2026 11:00:00,13-02-2026 11:30:00,30.0,1.0,,Ministry Of Defence,Department Of Military Affairs,Indian Army,***********,,12,4,8,0,0,GEM/2026/B/7173034,117500.0,121000.0,123000.0,SHREEM ENTERPRISES Under PMA,4,4.68,macbook
Active,1.0,03-02-2026 09:57:41,13-02-2026 10:00:00,13-02-2026 10:30:00,60.0,1.0,,Ministry Of Defence,Department Of Military Affairs,Indian Army,***********,,6,6,0,2,0,GEM/2026/B/7181975,107490.0,108490.0,114950.0,BLINK INDIA ( MSE Social Category:General ) Under PMA,6,6.94,macbook
,1.0,,,,,,,Ministry Of Science And Technology,Department Of Biotechnology (dbt),Institute For Stem Cell Biology And Regenerative Medicine (instem),Bangalore,,0,0,0,0,0,GEM/2026/B/7070680,227500.0,227740.0,254990.0,AADINATH PERIPHERALS & CONSUMABLES (MSE) Under PMA,3,12.08,macbook
Active,1.0,30-01-2026 09:25:35,09-02-2026 10:00:00,09-02-2026 10:30:00,90.0,1.0,,Ministry Of Defence,Department Of Military Affairs,Indian Army,***********,,18,8,10,1,0,GEM/2026/B/7167569,118000.0,127499.0,128990.0,NOBLE ENTERPRISES Under PMA,8,9.31,macbook
Active,4.0,24-01-2026 19:17:55,03-02-2026 20:00:00,03-02-2026 20:30:00,180.0,2.0,,Ministry Of Defence,Department Of Military Affairs,Indian Army,***********,,7,4,3,3,4,GEM/2025/B/7015876,471600.0,483000.0,498800.0,"Abhinandan Suppliers and Services (MSE,MII) ( MSE Social Category:General ) Under PMA",4,5.77,macbook
Active,1.0,21-01-2026 10:53:12,31-01-2026 11:00:00,31-01-2026 11:30:00,60.0,1.0,,Ministry Of Defence,Department Of Military Affairs,Indian Army,***********,,13,3,10,0,3,GEM/2026/B/7132042,117900.0,119900.0,122900.0,PRAGATI INDUSTRIES (MII) Under PMA,3,4.24,macbook
Active,7.0,20-01-2026 10:45:55,30-01-2026 11:00:00,30-01-2026 11:30:00,180.0,4.0,,Ministry Of Defence,Department Of Military Affairs,Indian Navy,***********,,10,7,3,6,7,GEM/2026/B/7076601,784930.0,800950.0,817000.0,"HAZZALE BLUE TRADING PRIVATE LIMITED (MSE,MII) ( MSE Social Category:General ) Under PMA",7,4.09,macbook
,3.0,,,,,2.0,,Ministry Of Defence,Department Of Military Affairs,Indian Air Force,***********,,0,0,0,0,0,GEM/2026/B/7107646,375500.0,376000.0,380000.0,ARROW PC NETWORK PRIVATE LIMITED (MII) Under PMA,9,1.2,macbook
Active,1.0,05-01-2026 16:59:22,27-01-2026 17:00:00,27-01-2026 17:30:00,90.0,,,Ministry Of Electronics And Information Technology,Department Of Electronics And Information Technology,Centre For Development Of Advanced Computing (c-dac),Noida,,14,11,3,1,0,GEM/2026/B/7073831,117000.0,117500.0,142716.0,Runvy Under PMA,11,21.98,macbook
Active,7.0,17-01-2026 11:50:51,27-01-2026 12:00:00,27-01-2026 12:30:00,61.0,3.0,,Ministry Of Defence,Department Of Military Affairs,Indian Army,***********,,6,4,2,4,4,GEM/2025/B/6986420,702500.0,711700.0,729030.0,"NSoul Ventures (MSE,MII) ( MSE Social Category:General ) Under PMA",4,3.78,macbook
Active,1.0,15-01-2026 19:30:20,26-01-2026 20:00:00,26-01-2026 20:30:00,80.0,1.0,,Ministry Of Defence,Department Of Military Affairs,Indian Army,***********,,9,3,6,0,0,GEM/2025/B/7033372,117550.0,120000.0,139999.0,mamta devi Under PMA,3,19.1,macbook
,2.0,,,,,1.0,,Ministry Of Defence,Department Of Military Affairs,Indian Army,***********,,0,0,0,0,0,GEM/2026/B/7060297,235400.0,236000.0,237000.0,V T CORPORATION Under PMA,3,0.68,macbook
,4.0,,,,,2.0,,Ministry Of Defence,Department Of Military Affairs,Indian Army,***********,,0,0,0,0,0,GEM/2025/B/6768547,435520.0,436000.0,464068.0,HAZZALE BLUE TRADING PRIVATE LIMITED Under PMA,3,6.55,macbook
,4.0,,,,,3.0,,Ministry Of Defence,Department Of Military Affairs,Indian Army,***********,,0,0,0,0,0,GEM/2025/B/6744763,499950.0,503750.0,504400.0,KALPATARA ENTERPRISES (MII) Under PMA,3,0.89,macbook
Active,4.0,23-12-2025 17:38:02,13-01-2026 18:00:00,13-01-2026 18:30:00,36.0,2.0,,Ministry Of Labour And Employment,Na,Employees Provident Fund Organisation (epfo),Dehradun,,8,8,0,3,0,GEM/2025/B/7037006,424660.0,455600.0,467996.0,TRESOR VENTURES PRIVATE LIMITED (MSE) ( MSE Social Category:General ) Under PMA,8,10.2,macbook
,2.0,,,,,1.0,,Ministry Of Defence,Department Of Military Affairs,Indian Navy,***********,,0,0,0,0,0,GEM/2025/B/6837850,234744.0,262764.0,288300.0,HAZZALE BLUE TRADING PRIVATE LIMITED Under PMA,5,22.81,macbook
,13.0,,,,,7.0,,Ministry Of Defence,Department Of Military Affairs,Indian Army,***********,,0,0,0,0,0,GEM/2025/B/6842241,1339000.0,1342784.43,1612000.0,GR INFOTECH (MII) Under PMA,3,20.39,macbook
,1.0,,,,,1.0,,Ministry Of Defence,Department Of Military Affairs,Indian Army,***********,,0,0,0,0,0,GEM/2025/B/6974366,102111.0,102222.0,105170.0,HAZZALE BLUE TRADING PRIVATE LIMITED Under PMA,8,3.0,macbook
Active,1.0,25-12-2025 10:18:24,05-01-2026 11:00:00,05-01-2026 11:30:00,180.0,,,Ministry Of Defence,Department Of Military Affairs,Indian Army,***********,,6,2,4,0,0,GEM/2025/B/7042757,117490.0,118000.0,,HAZZALE BLUE TRADING PRIVATE LIMITED Under PMA,2,,macbook
Active,6.0,10-12-2025 18:53:03,01-01-2026 09:00:00,01-01-2026 09:30:00,30.0,3.0,,Ministry Of Labour And Employment,Na,Employees Provident Fund Organisation (epfo),"Regional Office, Coimbatore",,8,3,5,0,3,GEM/2025/B/6986347,708000.0,716000.0,732000.0,VIJEX OFFICE EQUIPMENTS PRIVATE LIMITED Under PMA,3,3.39,macbook
Active,5.0,19-12-2025 12:20:08,29-12-2025 13:00:00,29-12-2025 13:30:00,30.0,,,Ministry Of Defence,Department Of Military Affairs,Indian Army,***********,,8,3,5,0,0,GEM/2025/B/7022259,130000.0,142500.0,151000.0,A TO Z ENTERPRISES Under PMA,3,16.15,macbook
Active,1.0,15-12-2025 19:08:50,29-12-2025 10:00:00,29-12-2025 10:30:00,90.0,1.0,,Ministry Of Defence,Department Of Military Affairs,Indian Army,***********,,25,16,9,1,0,GEM/2025/B/6813726,86900.0,87082.0,87500.0,INSPIRE INFOTECH PRIVATE LIMITED Under PMA,16,0.69,macbook
Active,4.0,13-12-2025 10:02:38,26-12-2025 11:00:00,26-12-2025 11:30:00,30.0,2.0,,Ministry Of Defence,Department Of Defence,Armed Forces Tribunal,***********,,5,2,3,2,0,GEM/2025/B/6917881,554000.0,600000.0,,Aggarwal Sales (MSE) ( MSE Social Category:General ) Under PMA,2,,macbook
Active,1.0,15-12-2025 12:29:25,25-12-2025 13:00:00,25-12-2025 13:30:00,90.0,1.0,,Ministry Of Defence,Department Of Military Affairs,Indian Army,***********,,6,6,0,1,0,GEM/2025/B/7000916,104104.0,114499.0,118000.0,HAZZALE BLUE TRADING PRIVATE LIMITED Under PMA,6,13.35,macbook
Active,10.0,02-12-2025 17:18:16,23-12-2025 18:00:00,23-12-2025 18:30:00,30.0,4.0,,Ministry Of Electronics And Information Technology,Department Of Electronics And Information Technology,Digital India Corporation (dic),"4th Floor, Samruddhi Venture Park, Central Midc Road, Andheri (east), Mumbai - 400093",,10,4,6,0,0,GEM/2025/B/6956214,788732.0,794550.0,809290.0,AMBIENT TECHZONE PRIVATE LIMITED Under PMA,4,2.61,macbook
,1.0,,,,,1.0,,Ministry Of Defence,Department Of Military Affairs,Indian Navy,***********,,0,0,0,0,0,GEM/2025/B/6703750,101000.0,108900.0,109999.0,RADIUS SYSTEMS PRIVATE LIMITED Under PMA,7,8.91,macbook
Active,5.0,12-12-2025 11:17:10,22-12-2025 12:00:00,22-12-2025 12:30:00,180.0,,,Ministry Of Defence,Department Of Military Affairs,Indian Army,***********,,7,7,0,1,7,GEM/2025/B/6923069,524245.0,551075.0,579000.0,HAZZALE BLUE TRADING PRIVATE LIMITED (MII) Under PMA,7,10.44,macbook
,1.0,,,,,1.0,,Ministry Of Defence,Department Of Military Affairs,Indian Army,***********,,0,0,0,0,0,GEM/2025/B/6737218,104620.0,104750.0,106200.0,PINEAPPLE TECHNOLOGIES PRIVATE LIMITED (MII) Under PMA,6,1.51,macbook
Active,2.0,28-11-2025 17:11:57,08-12-2025 18:00:00,08-12-2025 18:30:00,30.0,1.0,,Ministry Of Defence,Department Of Military Affairs,Indian Army,***********,,9,6,3,2,0,GEM/2025/B/6942639,229998.0,230000.0,320000.0,BLINK INDIA ( MSE Social Category:General ) Under PMA,6,39.13,macbook
Active,15.0,12-11-2025 10:15:33,03-12-2025 11:00:00,03-12-2025 11:30:00,180.0,8.0,,Ministry Of Defence,Department Of Military Affairs,Hqids,***********,,4,3,1,2,3,GEM/2025/B/6771162,1630000.0,1794850.0,1973600.0,STATUS SALES (MII) Under PMA,3,21.08,macbook
Active,1.0,22-11-2025 15:51:49,02-12-2025 16:00:00,02-12-2025 16:30:00,180.0,,,Ministry Of Defence,Department Of Defence,Director General Of National Cadet Corps (dgncc),***********,,14,7,7,0,0,GEM/2025/B/6921964,99991.0,103500.0,103800.0,AK COMPUTECH Under PMA,7,3.81,macbook
,1.0,,,,,1.0,,Ministry Of Defence,Department Of Military Affairs,Indian Army,***********,,0,0,0,0,0,GEM/2025/B/6786272,103000.0,103220.0,103330.0,DHARAM AGENCIES (MII) Under PMA,7,0.32,macbook
Active,5.0,08-11-2025 15:57:20,29-11-2025 16:00:00,29-11-2025 16:30:00,120.0,3.0,,Ministry Of Defence,Department Of Military Affairs,Indian Army,***********,,16,3,13,0,3,GEM/2025/B/6769340,590000.0,700000.0,725000.0,H.L ENTERPRISES (MII) Under PMA,3,22.88,macbook
,1.0,,,,,,,Ministry Of Defence,Department Of Military Affairs,Indian Navy,***********,,0,0,0,0,0,GEM/2025/B/6735035,99500.0,99895.0,99999.0,NAVKAR TRADERS (MII) Under PMA,10,0.5,macbook
,8.0,,,,,2.0,,Ministry Of Defence,Department Of Military Affairs,Indian Army,***********,,0,0,0,0,0,GEM/2025/B/6697479,677800.0,680000.0,880000.0,BLUEBERRY INFO SOLUTION (MII) Under PMA,4,29.83,macbook
,5.0,,,,,2.0,,Ministry Of Defence,Department Of Defence,Mod Sectt Establishment,***********,,0,0,0,0,0,GEM/2025/B/6737625,504000.0,509200.0,573250.0,"SERVERESOLUTION PRIVATE LIMITED (MSE,MII) Under PMA",4,13.74,macbook
,3.0,,,,,1.0,,Ministry Of Defence,Department Of Military Affairs,Indian Army,***********,,0,0,0,0,0,GEM/2025/B/6764212,305900.0,309500.0,352470.0,BLUEBERRY INFO SOLUTION (MII) Under PMA,4,15.22,macbook
Active,4.0,19-10-2025 10:36:29,10-11-2025 12:00:00,10-11-2025 12:30:00,120.0,1.0,,Pmo,Department Of Atomic Energy,N/a,Harish Chandra Research Institute Allahabad,,8,5,3,2,0,GEM/2025/B/6808584,368160.0,382440.0,467960.0,AADINATH PERIPHERALS & CONSUMABLES (MSE) ( MSE Social Category:General ) Under PMA,5,27.11,macbook
Active,1.0,14-06-2026 17:51:55,24-06-2026 18:00:00,24-06-2026 18:30:00,180.0,1.0,,Ministry Of Defence,Department Of Military Affairs,Indian Army,***********,,6,4,2,4,4,GEM/2026/B/7663280,111350.0,114900.0,117499.0,"ushashi enterprises (MSE,MII) ( MSE Social Category:General ) Under PMA",4,5.52,laptop
Active,2.0,10-06-2026 12:49:50,22-06-2026 13:00:00,22-06-2026 13:30:00,30.0,1.0,,Ministry Of Chemicals And Fertilizers,Department Of Pharmaceuticals,Bengal Chemicals And Pharmaceuticals Limited (bcpl),Kolkata,,5,4,1,0,4,GEM/2026/B/7646006,124720.0,136000.0,146000.0,PIXCEL SQUARE TECHNOLOGIES LLP (MII) Under PMA,4,17.06,laptop
Active,30.0,12-06-2026 11:12:29,22-06-2026 12:00:00,22-06-2026 12:30:00,90.0,1.0,,Ministry Of Defence,Department Of Military Affairs,Indian Army,***********,,5,4,1,3,0,GEM/2026/B/7655441,221749.0,224535.0,226035.0,NARESH TRADERS (MSE) ( MSE Social Category:General ) Under PMA,4,1.93,laptop
Active,1.0,09-06-2026 20:23:57,19-06-2026 21:00:00,19-06-2026 21:30:00,30.0,1.0,,Ministry Of Defence,Department Of Military Affairs,Indian Army,***********,,3,3,0,0,0,GEM/2026/B/7643961,118000.0,128938.0,146728.0,DEFCOM SOLUTIONS Under PMA,3,24.35,laptop
Active,1434.0,03-06-2026 14:29:59,18-06-2026 15:00:00,18-06-2026 15:30:00,30.0,3.0,,,Vocational Education And Skill Development Department Uttar Pradesh,"Directorate Of Training And Employment, Lucknow",Govt Iti Chargawan Gorakhpur,Uttar Pradesh,0,0,0,0,0,GEM/2026/B/7616478,420250.0,435089.5,464171.0,M/S SAI SYNDICATE Under PMA,3,10.45,laptop
,2.0,,,,,1.0,,Ministry Of Defence,Department Of Military Affairs,Indian Army,***********,,0,0,0,0,0,GEM/2026/B/7395425,235500.0,235800.0,260000.0,THRIVE (MII) Under PMA,3,10.4,laptop
,1.0,,,,,1.0,,Ministry Of Defence,Department Of Military Affairs,Indian Army,***********,,0,0,0,0,0,GEM/2026/B/7459303,117500.0,118450.0,118500.0,Techno India Under PMA,3,0.85,laptop
Active,478.0,28-05-2026 17:53:21,12-06-2026 18:00:00,12-06-2026 18:30:00,30.0,,,Ministry Of Defence,Department Of Military Affairs,Indian Army,***********,,4,3,1,3,0,GEM/2026/B/7596314,98799.0,108699.0,137570.0,BHAMSARA TRADERS (MSE) ( MSE Social Category:OBC ) Under PMA,3,39.24,laptop
Active,1.0,02-06-2026 15:01:29,12-06-2026 16:00:00,12-06-2026 16:30:00,30.0,,,,Higher Education Department Kerala,Directorate Of Technical Education,Office,Kerala,6,2,4,1,0,GEM/2026/B/7611558,65000.0,68000.0,,K.M TECHNOLOGIES Under PMA,2,,laptop
Active,2.0,02-06-2026 11:43:45,12-06-2026 12:00:00,12-06-2026 12:30:00,60.0,,,,Local Self Government Department Kerala,N/a,Paivalike Grama Panchayat,Kerala,6,4,2,0,0,GEM/2026/B/7609718,156000.0,158200.0,160000.0,RJ ENTERPRISES Under PMA,4,2.56,laptop
Active,,01-06-2026 13:49:44,11-06-2026 14:00:00,11-06-2026 14:30:00,60.0,,,Ministry Of Consumer Affairs Food And Public Distribution,Department Of Food And Public Distribution,Food Corporation Of India (fci),Regional Office Raipur,,0,0,0,0,0,GEM/2026/B/7606446,198000.0,,,COMPUTER LIFE Under PMA,1,,laptop
Active,,29-05-2026 17:50:01,08-06-2026 18:00:00,08-06-2026 18:30:00,90.0,3.0,,Ministry Of Defence,Department Of Military Affairs,Indian Army,***********,,0,0,0,0,0,GEM/2026/B/7534300,85472.0,89000.0,110600.0,A H INFOTECH Under PMA,6,29.4,laptop
Active,2.0,29-05-2026 13:52:09,08-06-2026 14:00:00,08-06-2026 14:30:00,30.0,1.0,,Ministry Of Defence,Department Of Military Affairs,Indian Army,***********,,6,3,3,0,0,GEM/2026/B/7595383,236000.0,238000.0,240000.0,NETWORK ENTERPRISES Under PMA,3,1.69,laptop
,1.0,,,,,,,Ministry Of Defence,Department Of Military Affairs,Indian Army,***********,,0,0,0,0,0,GEM/2026/B/7426789,115500.0,122000.0,122500.0,NEW PARRAY ENTERPRISES (MSE) Under PMA,3,6.06,laptop
Active,4.0,27-05-2026 18:33:16,06-06-2026 19:00:00,06-06-2026 19:30:00,30.0,,,,Co-operation Department Odisha,"Director,agril. Marketing,bhubaneswar",Cuttack Sadar,Odisha,4,3,1,0,0,GEM/2026/B/7594192,412000.0,423800.0,435100.0,M/s INFOVISION SOLUTIONS Under PMA,3,5.61,laptop
Active,7.0,22-05-2026 17:23:01,06-06-2026 18:00:00,06-06-2026 18:30:00,30.0,,,Ministry Of Defence,Department Of Military Affairs,Indian Army,***********,,4,3,1,3,0,GEM/2026/B/7575525,47790.0,55150.0,55600.0,Daksh Traders (MSE) ( MSE Social Category:General ) Under PMA,3,16.34,laptop
Active,,03-06-2026 11:39:57,06-06-2026 11:00:00,06-06-2026 11:30:00,30.0,,,Ministry Of Defence,Department Of Military Affairs,Indian Army,***********,,0,0,0,0,0,GEM/2026/B/7615301,48048.0,53560.0,66950.0,LAL & SONS ( MSE Social Category:SC ) Under PMA,3,39.34,laptop
Active,5.0,26-05-2026 16:25:37,05-06-2026 19:00:00,05-06-2026 19:30:00,30.0,,,,Health And Family Welfare Department Kerala,Directorate Of Health Services,Kannur,Kerala,4,1,3,1,0,GEM/2026/B/7582367,236400.0,,,SERVITE SYSTEMS ( MSE Social Category:General ) Under PMA,1,,laptop
Active,,20-05-2026 18:25:02,05-06-2026 19:00:00,05-06-2026 19:30:00,30.0,,,,Urban Development Department Uttar Pradesh,Nagar Panchayat Eglash Aligarh,Nagar Panchayat Eglash Aligarh,Uttar Pradesh,0,0,0,0,0,GEM/2026/B/7565598,164800.0,165500.0,165790.0,Arihant Enterprises Under PMA,3,0.6,laptop
Active,1.0,26-05-2026 17:22:34,05-06-2026 18:00:00,05-06-2026 18:30:00,30.0,,,,Rural Development And Panchayat Raj Department Tamil Nadu,N/a,Assistant Director Panchayat,Tamil Nadu,7,1,6,0,0,GEM/2026/B/7589037,67500.0,,,ISHA INFOTEC Under PMA,1,,laptop
Active,,13-05-2026 11:38:17,05-06-2026 12:00:00,05-06-2026 12:30:00,180.0,7.0,,Ministry Of Culture,Na,Anthropological Survey Of India,Head-office,,0,0,0,0,0,GEM/2026/B/7528704,150000.0,175900.0,,SKYTEL TELE - SERVICES PRIVATE LIMITED ( MSE Social Category:General ) Under PMA,2,,laptop
Active,,22-05-2026 13:11:19,04-06-2026 16:00:00,04-06-2026 16:30:00,60.0,15.0,,Ministry Of Education,Department Of School Education And Literacy,Kendriya Vidyalaya Sangathan,Kvs Ro Delhi,,0,0,0,0,0,GEM/2026/B/7573196,496148.73,517287.64,538961.29,V. T. ENTERPRISES ( MSE Social Category:General ) Under PMA,4,8.63,laptop
Active,5.0,25-05-2026 13:41:00,04-06-2026 14:00:00,04-06-2026 14:30:00,100.0,2.0,,Ministry Of Power,Na,N/a,Joint Electricity Regulatory Commission For Jkl,,10,2,8,0,2,GEM/2026/B/7581928,795000.0,860000.0,,M/S TAWI SALES CORPORATION (MII) Under PMA,2,,laptop
,4.0,,,,,,,Ministry Of Defence,Department Of Defence Research & Development,Office Of Dg (ace),***********,,0,0,0,0,0,GEM/2026/B/7480536,613600.0,628800.0,655056.0,VINTECH ELECTRONIC SYSTEMS PRIVATE LIMITED (MII) Under PMA,3,6.76,laptop
,6.0,,,,,,,Ministry Of Defence,Department Of Defence Research & Development,Office Of Dg ( Ns & M),***********,,0,0,0,0,0,GEM/2026/B/7277452,874800.0,876000.0,1071204.0,DHARAM AGENCIES (MII) Under PMA,3,22.45,laptop
,1.0,,,,,,,Ministry Of Education,Department Of School Education And Literacy,Kendriya Vidyalaya Sangathan,Kv Ongole,,0,0,0,0,0,GEM/2026/B/7525224,64800.0,64890.0,82600.0,VASTARA INFRA AND SUPPLY LLP Under PMA,8,27.47,laptop
Active,7.0,23-05-2026 20:32:01,03-06-2026 21:00:00,03-06-2026 21:30:00,43.0,,,Ministry Of Defence,Department Of Military Affairs,Indian Army,***********,,17,3,14,3,3,GEM/2026/B/7538519,900000.0,919840.0,965308.0,"NIMAZ ENTERPRISES (MSE,MII) ( MSE Social Category:General ) Under PMA",3,7.26,laptop
,15.0,,,,,,,Ministry Of Science And Technology,Department Of Biotechnology (dbt),Translational Health Science And Technology Institute (thsti),Faridabad / North,,0,0,0,0,0,GEM/2026/B/7546044,1042399.0,1043449.5,1210620.0,GOV INNOVATORS PRIVATE LIMITED (MII) Under PMA,3,16.14,laptop
,,,,,,3.0,,Ministry Of Defence,Department Of Military Affairs,Indian Army,***********,,0,0,0,0,0,GEM/2026/B/7394028,129955.07,130306.03,144414.58,SB TRADING Under PMA,3,11.13,laptop
,12.0,,,,,3.0,,Ministry Of Defence,Department Of Military Affairs,Indian Army,***********,,0,0,0,0,0,GEM/2026/B/7491420,1404780.0,1770000.0,,Shree Jee Enterprises (MSE) Under PMA,2,,laptop
,,,,,,9.0,,Ministry Of Defence,Department Of Military Affairs,Indian Army,***********,,0,0,0,0,0,GEM/2026/B/7465103,122740.0,128260.0,230500.0,SEAGUL INFOTECH Under PMA,3,87.8,laptop
Active,4.0,23-05-2026 10:31:15,03-06-2026 11:00:00,03-06-2026 11:30:00,180.0,2.0,,Ministry Of Defence,Department Of Military Affairs,Indian Army,***********,,5,5,0,0,5,GEM/2026/B/7552756,464000.0,467600.0,475680.0,LAKSHYA ENTERPRISES (MII) Under PMA,5,2.52,laptop
Active,,23-05-2026 15:59:00,02-06-2026 16:00:00,02-06-2026 16:30:00,90.0,,,Ministry Of Consumer Affairs Food And Public Distribution,Department Of Food And Public Distribution,Food Corporation Of India (fci),Birbhum,,0,0,0,0,0,GEM/2026/B/7578514,35000.0,86000.0,94400.0,S.K. INFOTECH ( MSE Social Category:General ) Under PMA,4,169.71,laptop
Active,,21-05-2026 16:39:39,01-06-2026 17:00:00,01-06-2026 17:30:00,60.0,,,Ministry Of Tourism,Department Of Tourism,National Council For Hotel Management And Catering Technology (nchmct),Noida,,0,0,0,0,0,GEM/2026/B/7569734,85800.0,,,VG TECHNOLOGIES PRIVATE LIMITED ( MSE Social Category:General ) Under PMA,1,,laptop
Active,7.0,20-05-2026 14:36:49,01-06-2026 15:00:00,01-06-2026 15:30:00,30.0,,,,Local Self Government Department Kerala,Kasaragod Municipality,Kasaragod Municipality,Kerala,11,2,9,0,0,GEM/2026/B/7563771,494000.0,512000.0,,ADCOM SYSTEMS Under PMA,2,,laptop
Active,1.0,22-05-2026 14:44:03,01-06-2026 15:00:00,01-06-2026 15:30:00,30.0,,,,Local Self Government Department Kerala,N/a,Chavakkad Municipality,Kerala,6,2,4,0,0,GEM/2026/B/7573961,68000.0,72560.0,,VISWAS COMPUTERS MULTI BRAND SHOPPE Under PMA,2,,laptop
,,,,,,50.0,,,Finance Department Assam,Finance Establishment B Department,Guwahati,Assam,0,0,0,0,0,GEM/2026/B/7349483,4180104.0,4209540.0,7397637.39,EASTERN TECHNOLOGY GROUP Under PMA,3,76.97,laptop
Active,,20-05-2026 11:09:55,01-06-2026 12:00:00,01-06-2026 12:30:00,180.0,,,Ministry Of Health And Family Welfare,Department Of Health And Family Welfare,N/a,"Central Drugs Testing Laboratory -mumbai., Zonal Fda Bhawan, Gmsd Compound, Bellasis Road, Mumbai Central, Mumbai- 400 008.",,0,0,0,0,0,GEM/2026/B/7562004,59931.63,61200.0,78489.0,TECHNO WIN IT INFRA PRIVATE LIMITED ( MSE Social Category:General ) Under PMA,12,30.96,laptop
Active,64.0,18-05-2026 15:14:43,29-05-2026 16:00:00,29-05-2026 16:30:00,30.0,25.0,,,Urban Development Department,Urban Development Department Mantralaya,Nashik,Maharashtra,0,0,0,0,0,GEM/2026/B/7501332,5776800.0,5891000.0,6005000.0,ASZ INFOTECH NASHIK Under PMA,4,3.95,laptop
Active,,19-05-2026 12:53:40,29-05-2026 13:00:00,29-05-2026 13:30:00,60.0,15.0,,Ministry Of Education,Department Of School Education And Literacy,Kendriya Vidyalaya Sangathan,Kvs Ro Delhi,,0,0,0,0,0,GEM/2026/B/7553566,456050.0,468550.0,486150.0,WW DEFSYS PRIVATE LIMITED ( MSE Social Category:General ) Under PMA,5,6.6,laptop
,1126.0,,,,,5.0,,Ministry Of Defence,Department Of Defence,Armed Forces Tribunal,***********,,0,0,0,0,0,GEM/2026/B/7491465,1498471.0,1531700.0,1700150.0,"Glow Trading Co (MSE,MII) Under PMA",3,13.46,notebook
Active,1.0,11-06-2026 12:28:52,15-06-2026 20:00:00,15-06-2026 20:30:00,30.0,,,Ministry Of Defence,Department Of Defence,Director General Of National Cadet Corps (dgncc),***********,,5,3,2,0,3,GEM/2026/B/7651147,153000.0,159000.0,160000.0,OM SYSTEM (MII) Under PMA,3,4.58,notebook
Active,320.0,29-05-2026 20:06:45,08-06-2026 21:00:00,08-06-2026 21:30:00,30.0,,,,Urban Development & Housing Department Bihar,Urban Development And Housing Department,Patna Metro Rail Corporation Limited,Bihar,12,10,2,0,0,GEM/2026/B/7600905,59830.0,62250.0,64015.0,LAPPY FACTORY Under PMA,10,6.99,notebook
Active,2.0,29-05-2026 13:30:27,08-06-2026 14:00:00,08-06-2026 14:30:00,30.0,1.0,,,Local Self Government Department Kerala,Kollam Corporation,Kollam Municipal Corporation,Kerala,8,1,7,0,0,GEM/2026/B/7598252,144000.0,,,EXTREME I T SOLUTIONS Under PMA,1,,notebook
Active,2195.0,21-05-2026 12:37:26,06-06-2026 14:00:00,06-06-2026 14:30:00,180.0,1.0,,Ministry Of Defence,Department Of Military Affairs,Indian Army,***********,,9,9,0,8,0,GEM/2026/B/7567927,233834.7,240230.0,251585.0,STAYSAFE SOLUTIONS PRIVATE LIMITED (MSE) ( MSE Social Category:General ) Under PMA,9,7.59,notebook
Active,3.0,15-05-2026 19:20:00,05-06-2026 16:00:00,05-06-2026 16:30:00,30.0,1.0,,,Culture Department Madhya Pradesh,N/a,Needam Road Chandravadani Naka Gwalior,Madhya Pradesh,3,3,0,3,3,GEM/2026/B/7547598,207790.0,217470.0,222288.0,SWASTIK ENTERPRISES ( MSE Social Category:SC ) Under PMA,3,6.98,notebook
Active,8.0,23-05-2026 16:16:17,04-06-2026 16:00:00,04-06-2026 16:30:00,90.0,2.0,,Ministry Of Urban Development,Cpwd,Cpwd,Delhi Circle 4,,6,2,4,2,0,GEM/2026/B/7578586,472492.0,501259.0,,STAR COMPUTER SYSTEMS ( MSE Social Category:General ) Under PMA,2,,notebook
Active,14.0,23-05-2026 13:05:14,02-06-2026 21:00:00,02-06-2026 21:30:00,30.0,,,,Panchayath,Deputy Director Of Panchayat,Perinad Grama Panchayath Kollam,Kerala,7,2,5,1,0,GEM/2026/B/7577729,717900.0,757600.0,,K.M TECHNOLOGIES Under PMA,2,,notebook
Active,1.0,29-05-2026 10:38:49,01-06-2026 11:00:00,01-06-2026 11:30:00,180.0,,,Ministry Of Defence,Department Of Defence,Director General Of National Cadet Corps (dgncc),***********,,4,3,1,0,0,GEM/2026/B/7597085,99991.0,102899.0,104506.0,AK COMPUTECH Under PMA,3,4.52,notebook
,109002.0,,,,,6.0,,Ministry Of Defence,Department Of Military Affairs,Indian Navy,***********,,0,0,0,0,0,GEM/2026/B/7399685,1663030.0,1707340.0,1798600.0,"KRISHNA ENTERPRISES (MSE,MII) Under PMA",7,8.15,notebook
,24.0,,,,,11.0,,Ministry Of Defence,Department Of Defence Research & Development,Office Of Dg (ace),***********,,0,0,0,0,0,GEM/2026/B/7384062,3681576.0,3790800.0,3943776.0,VINTECH ELECTRONIC SYSTEMS PRIVATE LIMITED (MII) Under PMA,3,7.12,notebook
,1.0,,,,,,,,General Administration And Administrative Reforms Department Haryana,N/a,Municipal Corporation Gurugram,Haryana,0,0,0,0,0,GEM/2026/B/7525303,458590.0,495600.0,517000.0,GLOBAL TECHNOLOGIES AND SERVICES Under PMA,3,12.74,notebook
Active,6.0,18-05-2026 11:07:23,28-05-2026 12:00:00,28-05-2026 12:30:00,30.0,2.0,,,Local Self Government Department Kerala,Commissionerate Of Rural Development,Anchal Block Panchayath Anchal,Kerala,6,3,3,0,0,GEM/2026/B/7550268,435000.0,450500.0,462600.0,RJ ENTERPRISES Under PMA,3,6.34,notebook
Active,3.0,06-05-2026 15:39:43,27-05-2026 16:00:00,27-05-2026 16:30:00,120.0,2.0,,,Medical Education Department Madhya Pradesh,Directorate Of Medical Education Government Of Madhya Pradesh,Madhya Pradesh State Dental Council Indore,Madhya Pradesh,0,0,0,0,0,GEM/2026/B/7509000,352350.0,361080.0,368667.0,SAI ENTERPRISES Under PMA,3,4.63,notebook
Active,72552.0,06-05-2026 11:22:40,27-05-2026 12:00:00,27-05-2026 12:30:00,90.0,,,Ministry Of Tribal Affairs,Ministry Of Tribal Affairs,National Education Society For Tribal Students,Delhi,,5,1,4,1,0,GEM/2026/B/7507118,972508.0,,,ARBUDA ENTERPRISES (MSE) ( MSE Social Category:General ) Under PMA,1,,notebook
,3.0,,,,,2.0,,Ministry Of Defence,Department Of Military Affairs,Indian Army,***********,,0,0,0,0,0,GEM/2026/B/7449301,300000.0,315000.0,336000.0,ER. COMPUTERS & ELECTRONICS Under PMA,4,12.0,notebook
Active,2421.0,07-05-2026 16:04:40,22-05-2026 17:00:00,22-05-2026 17:30:00,90.0,,,,Social Justice And Empowerment Department Gujarat,Director Of Social Defence,Cmpo Cum Dsdo,Gujarat,5,4,1,0,4,GEM/2026/B/7500172,497863.0,533206.7,584897.0,ATUL TECH (MII) Under PMA,4,17.48,notebook
Active,4.0,12-05-2026 12:48:40,22-05-2026 13:00:00,22-05-2026 13:30:00,15.0,,,,Labour And Skills Department Kerala,Kerala Abkari Workers Welfare Fund Board,Thiruvananthapurm,Kerala,6,1,5,0,0,GEM/2026/B/7528998,239600.0,,,LOGTECH INFOWAY PRIVATE LIMITED Under PMA,1,,notebook
Active,2734.0,18-05-2026 23:42:16,21-05-2026 09:00:00,21-05-2026 09:30:00,30.0,,,Ministry Of Defence,Department Of Military Affairs,Indian Army,***********,,3,3,0,0,0,GEM/2026/B/7556300,38278.0,40624.0,91955.0,Insight Saket Enterprises Under PMA,3,140.23,notebook
Active,1759.0,05-05-2026 16:36:38,20-05-2026 17:00:00,20-05-2026 17:30:00,90.0,1.0,,,Energy Department Uttar Pradesh,Purvanchal Vidyut Vitaran Nigam Limited Varanasi,Managing Director Office,Uttar Pradesh,6,1,5,0,0,GEM/2026/B/7505256,172650.0,,,M/S  A R K ELECTRICALS Under PMA,1,,notebook
Active,2.0,09-05-2026 13:09:47,19-05-2026 14:00:00,19-05-2026 14:30:00,30.0,5.0,,Ministry Of Defence,Department Of Defence,Dg Armed Forces Medical Service,***********,,7,3,4,0,3,GEM/2026/B/7521352,198000.0,209000.0,218800.0,VINAY ENTERPRISES (MII) Under PMA,3,10.51,notebook
Active,3.0,08-05-2026 15:10:55,18-05-2026 21:00:00,18-05-2026 21:30:00,30.0,1.0,,,Local Self Government Department Kerala,N/a,Pathanapuram Block Panchayat,Kerala,2,1,1,1,0,GEM/2026/B/7518468,150200.0,,,Hind Digital Solutions ( MSE Social Category:General ) Under PMA,1,,notebook
Active,4.0,08-05-2026 16:17:36,18-05-2026 17:00:00,18-05-2026 17:30:00,30.0,,,,Local Self Government Department Kerala,Oachira Block Panchayath,Changankulangara,Kerala,3,3,0,0,0,GEM/2026/B/7518334,250000.0,264600.0,269100.0,RJ ENTERPRISES Under PMA,3,7.64,notebook
Active,2.0,07-05-2026 17:53:03,18-05-2026 10:00:00,18-05-2026 10:30:00,120.0,1.0,,Ministry Of Personnel Public Grievances And Pensions,Department Of Personnel And Training,Lokpal Of India,Lokpal Secretariat,,7,3,4,0,0,GEM/2026/B/7511252,163200.0,164560.0,172439.0,VTEK TRADERS Under PMA,3,5.66,notebook
,8.0,,,,,5.0,,Ministry Of Electronics And Information Technology,Department Of Electronics And Information Technology,Software Technology Parks Of India (stpi),Gurugram,,0,0,0,0,0,GEM/2026/B/7354204,995584.0,1016000.0,1047200.0,PARAMOUNT IT SERVICES (MII) Under PMA,3,5.18,notebook
Active,6.0,06-05-2026 14:37:20,16-05-2026 12:00:00,16-05-2026 12:30:00,90.0,4.0,,Ministry Of Health And Family Welfare,Department Of Health And Family Welfare,Central Drugs Standard Control Organization (cdsco) Online Application For Licensing,Central Drugs Standard Control Organization Hq,,4,4,0,0,4,GEM/2026/B/7507826,1019480.0,1024000.0,1035350.0,MANNAT ENTERPRISES (MII) Under PMA,4,1.56,notebook
Active,10.0,05-05-2026 18:54:20,15-05-2026 19:00:00,15-05-2026 19:30:00,30.0,3.0,,,General Administration Department Madhya Pradesh,N/a,Madhya Pradesh State Information Commission,Madhya Pradesh,0,0,0,0,0,GEM/2026/B/7504831,653000.0,659200.0,661046.0,PERFECT WORLD COMPUTERS Under PMA,3,1.23,notebook
Active,1.0,05-05-2026 14:18:13,15-05-2026 19:00:00,15-05-2026 19:30:00,30.0,1.0,,,"Civil Aviation Department, Madhya Pradesh",N/a,462030,Madhya Pradesh,4,4,0,0,0,GEM/2026/B/7504049,129990.0,131700.0,134990.0,PERFECT WORLD COMPUTERS Under PMA,4,3.85,notebook
Active,31.0,05-05-2026 16:21:57,15-05-2026 17:00:00,15-05-2026 17:30:00,30.0,15.0,,,Revenue And Forest Department Maharashtra,N/a,Collector Office Kolhapur,Maharashtra,0,0,0,0,0,GEM/2026/B/7457464,3184000.0,3502400.0,3922688.0,YAKSHINI MICRO SYSTEMS ( MSE Social Category:General ) Under PMA,3,23.2,notebook
,8.0,,,,,,,Ministry Of Defence,Department Of Defence Research & Development,Office Of Dg (sss),***********,,0,0,0,0,0,GEM/2026/B/7491814,1224000.0,1256000.0,,M/S VK Consultancy (MII) Under PMA,2,,notebook
Active,93636.0,24-04-2026 10:19:56,15-05-2026 14:00:00,15-05-2026 14:30:00,90.0,10.0,,Ministry Of Tribal Affairs,Ministry Of Tribal Affairs,National Education Society For Tribal Students,Delhi,,4,3,1,3,3,GEM/2026/B/7471322,2090726.0,2131494.0,2278770.0,"ARBUDA ENTERPRISES (MSE,MII) ( MSE Social Category:General ) Under PMA",3,8.99,notebook
Active,5.0,24-04-2026 13:39:32,15-05-2026 12:00:00,15-05-2026 12:30:00,30.0,2.0,,,Science And Technology (information Technology) Department Madhya Pradesh,N/a,Agarmalwa,Madhya Pradesh,13,3,10,2,0,GEM/2026/B/7436360,393085.0,444921.0,647053.0,QUICK COMPUTERS ( MSE Social Category:OBC ) Under PMA,3,64.61,notebook
,2.0,,,,,1.0,,Ministry Of Defence,Department Of Military Affairs,Indian Army,***********,,0,0,0,0,0,GEM/2026/B/7663066,261710.0,278380.0,278400.0,Kuber Solutions Under PMA,3,6.38,desktop
,5.0,,,,,,,Ministry Of Defence,Department Of Military Affairs,Indian Army,***********,,0,0,0,0,0,GEM/2026/B/7643791,394050.0,394500.0,410000.0,ORIGIN SOLUTIONS Under PMA,5,4.05,desktop
Active,5.0,16-06-2026 11:44:13,26-06-2026 12:00:00,26-06-2026 12:30:00,30.0,,,Ministry Of Defence,Department Of Military Affairs,Indian Army,***********,,8,4,4,0,0,GEM/2026/B/7669139,300000.0,323320.0,335340.0,VALIANT TRADING Under PMA,4,11.78,desktop
Active,2.0,22-06-2026 20:06:11,25-06-2026 20:00:00,25-06-2026 20:30:00,30.0,1.0,,Ministry Of Defence,Department Of Military Affairs,Indian Army,***********,,10,2,8,0,0,GEM/2026/B/7697747,425000.0,460000.0,,SWARA TECHSERVICES Under PMA,2,,desktop
,,,,,,,,Ministry Of Defence,Department Of Defence Research & Development,Office Of Dg ( Ns & M),***********,,0,0,0,0,0,GEM/2026/B/7478345,363600.0,367800.0,377050.0,VIBHA ENTERPRISES Under PMA,3,3.7,desktop
,14.0,,,,,2.0,,Ministry Of Defence,Department Of Military Affairs,Indian Army,***********,,0,0,0,0,0,GEM/2026/B/7639462,500000.0,544600.0,606000.0,ICONIC IT TECHNOLOGY Under PMA,3,21.2,desktop
Active,1.0,12-06-2026 16:49:22,22-06-2026 21:00:00,22-06-2026 21:30:00,30.0,,,,Panchayath,Deputy Director Of Panchayat,Block Development Office Chavara,Kerala,7,2,5,1,0,GEM/2026/B/7658881,74990.0,75000.0,,ASTRIX INFONET PRIVATE LIMITED Under PMA,2,,desktop
,25.0,,,,,2.0,,Ministry Of Defence,Department Of Military Affairs,Indian Army,***********,,0,0,0,0,0,GEM/2026/B/7477848,499650.0,548075.0,561550.0,AR Tech Solutions (MSE) Under PMA,3,12.39,desktop
Active,,13-06-2026 09:58:12,22-06-2026 20:00:00,22-06-2026 20:30:00,180.0,,,Ministry Of Defence,Department Of Military Affairs,Indian Army,***********,,0,0,0,0,0,GEM/2026/B/7654475,14500.0,14854.0,14990.0,JYOTI TRADERS Under PMA,3,3.38,desktop
,7.0,,,,,,,Ministry Of Defence,Department Of Military Affairs,Indian Army,***********,,0,0,0,0,0,GEM/2026/B/7579272,659900.0,722000.0,769000.0,Devika Enterprises (MII) Under PMA,3,16.53,desktop
Active,2.0,19-06-2026 19:38:01,22-06-2026 11:00:00,22-06-2026 11:30:00,30.0,,,Ministry Of Defence,Department Of Military Affairs,Indian Army,***********,,4,1,3,0,0,GEM/2026/B/7683724,225700.0,,,INSPIRANT ENGINEERS AND CONTRACTORS Under PMA,1,,desktop
Active,50.0,11-06-2026 10:40:11,22-06-2026 11:00:00,22-06-2026 11:30:00,30.0,10.0,,,Finance Department Telangana,Treasury Portal,Pao,Telangana,26,3,23,0,3,GEM/2026/B/7650082,6110000.0,6305500.0,6431500.0,MICROCARE COMPUTERS PRIVATE LIMITED (MII) Under PMA,3,5.26,desktop
Active,5.0,06-06-2026 13:39:48,20-06-2026 18:00:00,20-06-2026 18:30:00,30.0,1.0,,Ministry Of Defence,Department Of Military Affairs,Indian Army,***********,,10,3,7,3,0,GEM/2026/B/7631652,230100.0,248520.0,251337.0,TRICON SOLUTIONS (MSE) ( MSE Social Category:General ) Under PMA,3,9.23,desktop
Active,8.0,10-06-2026 14:39:48,20-06-2026 17:00:00,20-06-2026 17:30:00,30.0,,,,Higher Education Department Kerala,College Of Engineering Adoor,Adoor,Kerala,9,1,8,1,0,GEM/2026/B/7647029,592000.0,,,Hind Digital Solutions ( MSE Social Category:General ) Under PMA,1,,desktop
,,,,,,,,Ministry Of Defence,Department Of Military Affairs,Indian Army,***********,,0,0,0,0,0,GEM/2026/B/7527243,183980.0,235810.0,261250.0,Adesh Computer Under PMA,3,42.0,desktop
Active,1.0,10-06-2026 15:25:52,20-06-2026 17:00:00,20-06-2026 17:30:00,90.0,,,,Revenue And Disaster Management Department Odisha,"Secretary,board Of Revenue,cuttack",Collectorate Angul,Odisha,8,4,4,0,0,GEM/2026/B/7647290,162550.0,162890.0,165450.0,CYBERIAN INFORMATICS Under PMA,4,1.78,desktop
,2.0,,,,,1.0,,Ministry Of Home Affairs,Central Armed Police Forces,Border Security Force (bsf),"Shq Bsf Bikaner, Rajasthan",,0,0,0,0,0,GEM/2026/B/7659535,105476.0,105600.0,114350.0,HIMALAYA REFRIGERATION Under PMA,8,8.41,desktop
Active,5.0,08-06-2026 14:13:27,18-06-2026 15:00:00,18-06-2026 15:30:00,30.0,1.0,,Ministry Of Defence,Department Of Military Affairs,Indian Army,***********,,8,4,4,3,0,GEM/2026/B/7636034,233300.0,246593.0,254800.0,OM TRADING CO. (MSE) ( MSE Social Category:General ) Under PMA,4,9.22,desktop
,70.0,,,,,15.0,,Ministry Of Health And Family Welfare,Department Of Health And Family Welfare,N/a,Directorate General Of Health Services,,0,0,0,0,0,GEM/2026/B/7586907,7188500.0,7195746.0,7202963.0,HTIS TELECOM PRIVATE LIMITED (MII) Under PMA,5,0.2,desktop
,2.0,,,,,1.0,,Ministry Of Defence,Department Of Military Affairs,Indian Army,***********,,0,0,0,0,0,GEM/2026/B/7597474,209700.0,210000.0,211180.0,AADEYA SOLUTIONS Under PMA,3,0.71,desktop
,27.0,,,,,9.0,,Ministry Of Defence,Department Of Military Affairs,Indian Army,***********,,0,0,0,0,0,GEM/2026/B/7435848,1989900.0,2022000.0,,Kuneru Resolute Group (MII) Under PMA,2,,desktop
,10.0,,,,,,,Ministry Of Defence,Department Of Defence Research & Development,Office Of Dg (ace),***********,,0,0,0,0,0,GEM/2026/B/7427879,1056650.0,1499000.0,1850000.0,ARIHANT ENTERPRISE (MII) Under PMA,4,75.08,desktop
,72.0,,,,,17.0,,Ministry Of Defence,Department Of Military Affairs,Indian Army,***********,,0,0,0,0,0,GEM/2026/B/7563587,3999114.0,4685220.0,4756200.0,SKY SOLUTIONS (MII) Under PMA,3,18.93,desktop
,88.0,,,,,20.0,,Ministry Of Defence,Department Of Defence,Indian Coast Guard,***********,,0,0,0,0,0,GEM/2026/B/7438878,5551520.0,5557090.0,5773198.0,DEVISH ENTERPRISES (MII) Under PMA,4,3.99,desktop
Active,15.0,26-05-2026 19:30:29,16-06-2026 19:00:00,16-06-2026 19:30:00,30.0,13.0,,,Education Department Assam,Gauhati University,Guwahati,Assam,0,0,0,0,0,GEM/2026/B/7579209,1899750.0,2025000.0,2475000.0,PRAYAKH INFOTECH Under PMA,3,30.28,desktop
Active,13.0,05-06-2026 16:26:49,15-06-2026 17:00:00,15-06-2026 17:30:00,30.0,,,Ministry Of Defence,Department Of Military Affairs,Indian Army,***********,,10,3,7,3,0,GEM/2026/B/7627978,297800.0,305590.0,306369.0,SHRI KRISHNA  ASSOCIATE (MSE) ( MSE Social Category:General ) Under PMA,3,2.88,desktop
Active,4.0,05-06-2026 15:19:06,15-06-2026 16:00:00,15-06-2026 16:30:00,30.0,1.0,,,Higher Education Department Kerala,N/a,Cas Perissery,Kerala,10,3,7,0,0,GEM/2026/B/7627629,325200.0,330000.0,335600.0,DATAROLA COMPUTER SYSTEMS PRIVATE LIMITED Under PMA,3,3.2,desktop
Active,1.0,04-06-2026 13:08:04,15-06-2026 16:00:00,15-06-2026 16:30:00,30.0,3.0,,,Local Self Government Department Kerala,N/a,Chavara Gramapanchayt,Kerala,3,1,2,0,0,GEM/2026/B/7621500,87000.0,,,VISWAS COMPUTERS Under PMA,1,,desktop
Active,1.0,08-06-2026 13:46:04,15-06-2026 14:00:00,15-06-2026 14:30:00,30.0,1.0,,Ministry Of Defence,Department Of Military Affairs,Indian Army,***********,,4,2,2,0,0,GEM/2026/B/7635148,259800.0,272400.0,,SWARN TRADERS Under PMA,2,,desktop
Active,3.0,11-06-2026 13:33:50,15-06-2026 14:00:00,15-06-2026 14:30:00,90.0,2.0,,Ministry Of Defence,Department Of Military Affairs,Indian Army,***********,,10,3,7,0,0,GEM/2026/B/7532299,266190.0,285000.0,304299.0,Future Infosystems Under PMA,3,14.32,desktop
,4.0,,,,,3.0,,Ministry Of Information And Broadcasting,Ministry Of Information And Broadcasting,Press Council Of India (pci),Soochna Bhawan,,0,0,0,0,0,GEM/2026/B/7536640,419970.0,429970.0,449970.0,MKSK OFFICE SOLUTIONS LLP (MII) Under PMA,3,7.14,desktop
Active,4.0,10-06-2026 18:30:07,13-06-2026 19:00:00,13-06-2026 19:30:00,30.0,1.0,,Ministry Of Defence,Department Of Military Affairs,Indian Army,***********,,15,6,9,0,6,GEM/2026/B/7648918,415400.0,418200.0,421400.0,OM SYSTEMS (MII) Under PMA,6,1.44,desktop
Active,2.0,03-06-2026 09:38:31,13-06-2026 10:00:00,13-06-2026 10:30:00,180.0,,,Ministry Of Defence,Department Of Military Affairs,Indian Army,***********,,8,3,5,0,3,GEM/2026/B/7613584,235600.0,237600.0,258000.0,M/S V.S ENTERPRISES (MII) Under PMA,3,9.51,desktop
,302.0,,,,,,,Ministry Of Defence,Department Of Military Affairs,Indian Army,***********,,0,0,0,0,0,GEM/2026/B/7477840,3486260.0,3664260.0,3803878.0,"DRONE DESTINATION LIMITED (MSE,MII) Under PMA",3,9.11,desktop
Active,2.0,01-06-2026 12:19:42,11-06-2026 21:00:00,11-06-2026 21:30:00,30.0,,,,Forest And Wild Life Department Kerala,High Range Circle,Marayoor,Kerala,6,2,4,0,0,GEM/2026/B/7603045,83600.0,86300.0,,RJ ENTERPRISES Under PMA,2,,desktop
Active,10.0,12-06-2026 13:27:35,25-06-2026 18:00:00,25-06-2026 18:30:00,30.0,2.0,,,Rajnandgaon,"Jilla Sahakari Kendriya Bank Maryadit, Rajnandgaon",Rajnandgaon,Chhattisgarh,5,3,2,0,0,GEM/2026/B/7656640,645345.0,646400.0,648820.0,TECHNO TRADE Under PMA,3,0.54,computer
,67.0,,,,,4.0,,Ministry Of Home Affairs,"Department Of Jammu, Kashmir And Ladakh Affairs",Jammu And Kashmir Police,Pcr Jammu,,0,0,0,0,0,GEM/2026/B/7597520,1205800.0,1224480.0,1226820.0,WYETH SALES CORPORATION Under PMA,3,1.74,computer
,9.0,,,,,3.0,,Ministry Of Defence,Department Of Military Affairs,Indian Army,***********,,0,0,0,0,0,GEM/2026/B/7545803,599130.0,702000.0,741000.0,Sewa enterprises (MII) Under PMA,3,23.68,computer
Active,2453.0,13-06-2026 11:30:15,23-06-2026 12:00:00,23-06-2026 12:30:00,180.0,1.0,,Ministry Of Defence,Department Of Military Affairs,Indian Army,***********,,6,3,3,3,0,GEM/2026/B/7660159,198000.0,205706.0,209319.0,ushashi enterprises (MSE) ( MSE Social Category:General ) Under PMA,3,5.72,computer
Active,660.0,11-06-2026 18:15:02,22-06-2026 18:00:00,22-06-2026 18:30:00,180.0,,,Ministry Of Defence,Department Of Defence,Sainik School Sangathan,***********,,2,1,1,1,0,GEM/2026/B/7653905,97100.0,,,AKSHARA OFFSET (MSE) ( MSE Social Category:General ) Under PMA,1,,computer
Active,2.0,11-06-2026 12:04:40,22-06-2026 12:00:00,22-06-2026 12:30:00,30.0,,,,Scheduled Caste(sc) Development Department Kerala,Kerala Scheduled Caste Development Department,Deputy Director South Zone,Kerala,8,1,7,0,0,GEM/2026/B/7650660,165800.0,,,LOGTECH INFOWAY PRIVATE LIMITED Under PMA,1,,computer
Active,1.0,09-06-2026 18:39:01,19-06-2026 19:00:00,19-06-2026 19:30:00,30.0,,,Ministry Of Defence,Department Of Military Affairs,Indian Army,***********,,5,4,1,0,0,GEM/2026/B/7641013,77850.0,79400.0,80000.0,M/S SHREEJI ENTERPRISES Under PMA,4,2.76,computer
Active,13.0,09-06-2026 12:49:59,19-06-2026 13:00:00,19-06-2026 13:30:00,180.0,2.0,,Ministry Of Defence,Department Of Military Affairs,Indian Army,***********,,5,3,2,3,0,GEM/2026/B/7640556,299450.0,315140.0,330850.0,LS Trading Corporation (MSE) ( MSE Social Category:General ) Under PMA,3,10.49,computer
Active,1.0,15-06-2026 18:46:24,18-06-2026 19:00:00,18-06-2026 19:30:00,30.0,,,Ministry Of Defence,Department Of Military Affairs,Indian Army,***********,,9,3,6,0,0,GEM/2026/B/7665591,83500.0,85500.0,85900.0,VARDHMAN ENTERPRISE Under PMA,3,2.87,computer
Active,,15-06-2026 14:56:05,18-06-2026 15:00:00,18-06-2026 15:30:00,30.0,5.0,,Ministry Of Health And Family Welfare,Directorate General Of Health Services,Port Health Organisation Jnpt Navi Mumbai,Port Health Organisation Jnpt Navi Mumbai 400707,,0,0,0,0,0,GEM/2026/B/7665724,1764378.25,,,DURVA ASSOCIATES Under PMA,1,,computer
,40.0,,,,,,,Pmo,Department Of Atomic Energy,Directorate Of Purchase And Stores,Directorate Of Purchase And Stores,,0,0,0,0,0,GEM/2025/B/7004871,3320000.0,3356160.0,3813160.0,"GRAY TECHNOLOGIES PRIVATE LIMITED (MSE,MII) Under PMA",5,14.85,computer
Active,,12-06-2026 18:02:54,17-06-2026 18:00:00,17-06-2026 18:30:00,30.0,,,Pmo,Department Of Atomic Energy,Variable Energy Cyclotron Centre,Kolkata,,0,0,0,0,0,GEM/2026/B/7659330,1410.0,11800.0,,TECHNO BANGLA Under PMA,2,,computer
,25.0,,,,,2.0,,Ministry Of Defence,Department Of Military Affairs,Indian Army,***********,,0,0,0,0,0,GEM/2026/B/7551153,323500.0,380800.0,421700.0,B.S.CONSTRUCTIONS (MSE) Under PMA,3,30.36,computer
,4.0,,,,,,,Ministry Of Defence,Department Of Military Affairs,Indian Air Force,***********,,0,0,0,0,0,GEM/2026/B/7483477,159820.0,160000.0,226000.0,M/S SUN MICRO SYSTEM & SOLUTION Under PMA,3,41.41,computer
Active,66.0,03-06-2026 12:24:21,16-06-2026 12:00:00,16-06-2026 12:30:00,30.0,10.0,,,School Education Department Chhattisgarh,N/a,Office Of District Education Officer Kanker,Chhattisgarh,4,3,1,0,0,GEM/2026/B/7615750,2302982.0,2351470.0,2859626.0,RP COMPUTER Under PMA,3,24.17,computer
Active,4.0,10-06-2026 18:54:01,15-06-2026 19:00:00,15-06-2026 19:30:00,90.0,1.0,,Ministry Of Defence,Department Of Military Affairs,Indian Army,***********,,15,6,9,0,6,GEM/2026/B/7649045,419640.0,422440.0,438440.0,WINNING WONDER BUSINESS PRIVATE LIMITED (MII) Under PMA,6,4.48,computer
,111.0,,,,,10.0,,,Transport Department Jharkhand,N/a,Civil Aviation Division,Jharkhand,0,0,0,0,0,GEM/2026/B/7572867,5474813.0,5511526.0,5525315.0,VIRTUOSI TECHGENIUS PRIVATE LIMITED Under PMA,3,0.92,computer
Active,4.0,05-06-2026 11:42:37,15-06-2026 14:00:00,15-06-2026 14:30:00,30.0,,,,Higher Education Department Kerala,N/a,Adoor,Kerala,6,1,5,1,0,GEM/2026/B/7625870,300000.0,,,Hind Digital Solutions ( MSE Social Category:General ) Under PMA,1,,computer
Active,,10-06-2026 13:26:48,15-06-2026 14:00:00,15-06-2026 14:30:00,30.0,,,Ministry Of Home Affairs,Central Armed Police Forces,Border Security Force (bsf),125bn Bsf,,0,0,0,0,0,GEM/2026/B/7646109,3160.0,,,UNIQUE COMPUTER Under PMA,1,,computer
Active,3.0,02-06-2026 22:37:04,15-06-2026 14:00:00,15-06-2026 14:30:00,30.0,1.0,,,West Bengal State Electricity Distribution Company Limited (wbsedcl),N/a,Kolkata,West Bengal,15,15,0,3,0,GEM/2026/B/7614072,136582.05,154500.0,154590.0,YURATECH GLOBAL PRIVATE LIMITED (MSE) ( MSE Social Category:SC ) Under PMA,15,13.18,computer
Active,13.0,03-06-2026 11:10:18,13-06-2026 21:00:00,13-06-2026 21:30:00,30.0,,,Ministry Of Defence,Department Of Military Affairs,Indian Army,***********,,9,3,6,0,0,GEM/2026/B/7613870,73632.0,78000.0,81250.0,RISHI ENTERPRISES Under PMA,3,10.35,computer
Active,65.0,29-05-2026 17:49:15,13-06-2026 20:00:00,13-06-2026 20:30:00,180.0,12.0,,,Urban Development Department Tripura,Agartala Municipal Council,Amc Head Office,Tripura,2,2,0,1,0,GEM/2026/B/7600230,2480335.0,3003350.0,,LRC COMPUTERS Under PMA,2,,computer
Active,4.0,10-06-2026 19:45:41,13-06-2026 20:00:00,13-06-2026 20:30:00,30.0,,,Ministry Of Defence,Department Of Military Affairs,Indian Army,***********,,2,1,1,0,0,GEM/2026/B/7649291,91500.0,,,Rama Tech World Under PMA,1,,computer
Active,16.0,03-06-2026 19:02:41,13-06-2026 20:00:00,13-06-2026 20:30:00,180.0,,,Ministry Of Defence,Department Of Military Affairs,Hqids,***********,,3,3,0,2,3,GEM/2026/B/7619135,63801.0,70426.0,85002.0,"NISSA ENTERPRISES (MSE,MII) ( MSE Social Category:General ) Under PMA",3,33.23,computer
,1.0,,,,,4.0,,,Forest Department Madhya Pradesh,N/a,Mpfdit,Madhya Pradesh,0,0,0,0,0,GEM/2026/B/7574053,779800.0,780600.0,800000.0,M/s M S Enterprises Under PMA,3,2.59,computer
,30.0,,,,,3.0,,Ministry Of Education,Department Of School Education And Literacy,Kendriya Vidyalaya Sangathan,Ernakulam,,0,0,0,0,0,GEM/2026/B/7426817,1153500.0,1155000.0,1204590.0,"GRAY TECHNOLOGIES PRIVATE LIMITED (MSE,MII) Under PMA",17,4.43,computer
Active,,09-06-2026 14:08:23,13-06-2026 15:00:00,13-06-2026 15:30:00,180.0,,,Ministry Of Defence,Department Of Military Affairs,Indian Air Force,***********,,0,0,0,0,0,GEM/2026/B/7641147,40975.0,42080.0,44099.0,D G SOLUTIONS Under PMA,5,7.62,computer
,1.0,,,,,,,Pmo,Department Of Atomic Energy,Institute For Plasma Research,West Zone,,0,0,0,0,0,GEM/2026/B/7389283,117881.0,117998.82,124635.0,NAOMI GLOBAL SOLUTIONS (OPC) PRIVATE LIMITED (MSE) Under PMA,5,5.73,computer
Active,17.0,01-06-2026 10:40:44,13-06-2026 11:00:00,13-06-2026 11:30:00,180.0,5.0,,Ministry Of Defence,Department Of Military Affairs,Indian Army,***********,,5,3,2,2,3,GEM/2026/B/7532515,997901.0,1026106.0,1044915.0,"TIRUPATI TRADERS (MSE,MII) ( MSE Social Category:OBC ) Under PMA",3,4.71,computer
Active,,03-06-2026 09:30:29,13-06-2026 10:00:00,13-06-2026 10:30:00,180.0,2.0,,Ministry Of Defence,Department Of Defence,Indian Coast Guard,***********,,0,0,0,0,0,GEM/2026/B/7614287,199150.0,201350.0,203300.0,Jay Aavad Krupa Engineering & Electric Under PMA,4,2.08,computer
Active,,22-05-2026 18:08:53,13-06-2026 09:00:00,13-06-2026 09:30:00,15.0,,,,Revenue And Forest Department Maharashtra,N/a,Bamboo Research & Training Centre,Maharashtra,0,0,0,0,0,GEM/2026/B/7573631,2619600.0,2920000.0,,KIRAN CREATION & PHOTO STUDIO ( MSE Social Category:OBC ) Under PMA,2,,computer
Active,30.0,29-05-2026 12:56:37,12-06-2026 20:00:00,12-06-2026 20:30:00,180.0,5.0,,,Urban Development Department Tripura,Agartala Municipal Council,Amc Head Office,Tripura,4,2,2,1,0,GEM/2026/B/7597898,1002100.0,1344600.0,,LRC COMPUTERS Under PMA,2,,computer
Active,6.0,02-06-2026 19:28:57,12-06-2026 20:00:00,12-06-2026 20:30:00,60.0,2.0,,,Home Department Maharashtra,Supdt Of Police Yavatmal,Amravati,Maharashtra,0,0,0,0,0,GEM/2026/B/7613677,712500.0,727500.0,733500.0,JAGDAMBA COMPUTER SERVICES Under PMA,3,2.95,computer
Active,298.0,25-05-2026 20:58:30,12-06-2026 18:00:00,12-06-2026 18:30:00,30.0,,,,Public Works Department Madhya Pradesh,N/a,Public Works Department District Singrauli,Madhya Pradesh,0,0,0,0,0,GEM/2026/B/7573430,1876678.0,1891578.0,,GIRIK TRADERS Under PMA,2,,computer
Active,60.0,02-06-2026 17:04:54,12-06-2026 18:00:00,12-06-2026 18:30:00,30.0,,,,Rural Development And Panchayat Raj Department Tamil Nadu,State Institute Of Rural Development,Tiruppur,Tamil Nadu,8,1,7,0,0,GEM/2026/B/7612334,2339100.0,,,ISHA INFOTEC Under PMA,1,,computer
Active,,02-06-2026 17:27:37,12-06-2026 18:00:00,12-06-2026 18:30:00,30.0,7.0,,,Public Works Department Uttar Pradesh,N/a,Engineer In Chief(hod),Uttar Pradesh,0,0,0,0,0,GEM/2026/B/7613128,1382400.0,1398600.0,1414800.0,ARUN KUMAR SINGH Under PMA,4,2.34,computer
Active,10.0,02-06-2026 15:56:08,12-06-2026 17:00:00,12-06-2026 17:30:00,30.0,,,,Higher Education Department Kerala,N/a,Poonjar,Kerala,4,1,3,0,0,GEM/2026/B/7612079,599250.0,,,K.M TECHNOLOGIES Under PMA,1,,computer
Active,,02-06-2026 16:26:48,12-06-2026 10:00:00,12-06-2026 10:30:00,180.0,5.0,,Ministry Of Defence,Department Of Defence,Indian Coast Guard,***********,,0,0,0,0,0,GEM/2026/B/7605079,630000.0,1000000.0,1062000.0,V L MARKETING & SERVICES ( MSE Social Category:General ) Under PMA,12,68.57,computer
Active,1.0,01-06-2026 18:28:45,11-06-2026 21:00:00,11-06-2026 21:30:00,90.0,1.0,,,Forest Department Madhya Pradesh,N/a,Mpfdit,Madhya Pradesh,7,3,4,0,0,GEM/2026/B/7608520,155950.0,159000.0,165999.0,ABSOLUTE BRILLIANT SOLUTIONS INDIA PRIVATE LIMITED Under PMA,3,6.44,computer
Active,,12-05-2026 18:29:54,11-06-2026 19:00:00,11-06-2026 19:30:00,60.0,,,,Public Works Department Madhya Pradesh,N/a,Piubhopal,Madhya Pradesh,0,0,0,0,0,GEM/2026/B/7532190,5245100.0,6062600.0,7210400.0,SAM INFOTECH ( MSE Social Category:SC ) Under PMA,3,37.47,computer
Active,17.0,28-05-2026 17:17:56,11-06-2026 18:00:00,11-06-2026 18:30:00,30.0,1.0,,Ministry Of Defence,Department Of Military Affairs,Indian Army,***********,,3,3,0,1,0,GEM/2026/B/7596238,36040.0,42993.0,47130.0,UNITED PEAK TRADING CO. Under PMA,3,30.77,computer
Active,2.0,01-06-2026 16:50:53,11-06-2026 17:00:00,11-06-2026 17:30:00,30.0,,,,Rural Development And Panchayat Raj Department Tamil Nadu,N/a,Assistant Director Of Panchayats Dindigul,Tamil Nadu,2,1,1,0,0,GEM/2026/B/7606643,194993.0,,,ISHA INFOTEC Under PMA,1,,computer
Active,2.0,08-06-2026 14:29:51,11-06-2026 15:00:00,11-06-2026 15:30:00,180.0,1.0,,Ministry Of Defence,Department Of Military Affairs,Indian Army,***********,,5,4,1,0,0,GEM/2026/B/7636096,319000.0,395489.0,435190.0,CAMEL FARMS AND FINANCE PRIVATE LIMITED Under PMA,4,36.42,computer
,38404.0,,,,,50.0,,,Tribal Development Department Gujarat,Commissionerate Of Tribal Development,Khedbrahma,Gujarat,0,0,0,0,0,GEM/2026/B/7555287,2070229.0,2162755.0,2253025.0,ARBUDA ENTERPRISE (MII) Under PMA,3,8.83,computer
,3.0,,,,,,,Ministry Of Defence,Department Of Military Affairs,Indian Army,***********,,0,0,0,0,0,GEM/2026/B/7586747,207498.0,216000.0,216900.0,M/S PUKEI ENTERPRISES (MII) Under PMA,4,4.53,computer
,4.0,,,,,1.0,,Ministry Of Defence,Department Of Military Affairs,Indian Army,***********,,0,0,0,0,0,GEM/2026/B/7517564,410352.0,410800.0,480000.0,COMPUTRONICS MULTIVISION PRIVATE LIMITED (MSE) Under PMA,4,16.97,computer
Active,2.0,01-06-2026 11:52:54,11-06-2026 12:00:00,11-06-2026 12:30:00,35.0,,,,Rural Development And Panchayat Raj Department Tamil Nadu,N/a,Assistant Director Of Panchayats Tvm,Tamil Nadu,2,1,1,1,0,GEM/2026/B/7605442,559250.0,,,INTECH COMPUTER SERVICES ( MSE Social Category:OBC ) Under PMA,1,,computer
,128622.0,,,,,34.0,,,Tribal Development Department Gujarat,Commissionerate Of Tribal Development,Khedbrahma,Gujarat,0,0,0,0,0,GEM/2026/B/7488736,2472331.0,2592841.0,,"K. D. SERVICES (MSE,MII) Under PMA",2,,computer
,13.0,,,,,9.0,,Ministry Of Defence,Department Of Military Affairs,Indian Army,***********,,0,0,0,0,0,GEM/2026/B/7523754,1813045.0,1857700.0,1879800.0,MAHADEV VENTURES (MII) Under PMA,3,3.68,computer
,34570.0,,,,,16.0,,,Tribal Development Department Gujarat,Commissionerate Of Tribal Development,Khedbrahma,Gujarat,0,0,0,0,0,GEM/2026/B/7542053,1200730.0,1276225.0,1294170.0,ARBUDA ENTERPRISE (MII) Under PMA,3,7.78,computer
,102.0,,,,,59.0,,,Co-operation Department Madhya Pradesh,N/a,"M.p. Rajya Sahakari Bank Mydt.,",Madhya Pradesh,0,0,0,0,0,GEM/2026/B/7450307,11705316.0,11972250.0,13725834.0,P S ASSOCIATES Under PMA,3,17.26,computer
,11.0,,,,,81.0,,Ministry Of Defence,Department Of Military Affairs,Indian Army,***********,,0,0,0,0,0,GEM/2026/B/7446166,29497990.0,29596000.0,29711000.0,Gateway System (MII) Under PMA,5,0.72,computer
,5.0,,,,,,,Pmo,Department Of Atomic Energy,Directorate Of Purchase And Stores,Directorate Of Purchase And Stores,,0,0,0,0,0,GEM/2026/B/7252751,1028350.0,1029395.0,1665000.0,"GRAY TECHNOLOGIES PRIVATE LIMITED (MSE,MII) Under PMA",3,61.91,computer
Active,10.0,25-05-2026 15:39:46,10-06-2026 15:00:00,10-06-2026 15:30:00,30.0,,,Ministry Of Steel,Steel Authority Of India Limited,Central Marketing Organisation,Cmo Southern Region,,32,28,4,19,0,GEM/2026/B/7541054,490000.0,514710.0,538000.0,DATAMINI TECHNOLOGIES (INDIA) LIMITED ( MSE Social Category:General ) Under PMA,28,9.8,computer
Active,12.0,12-05-2026 20:33:05,10-06-2026 09:00:00,10-06-2026 09:30:00,30.0,1.0,,,Works Department Odisha,"Chief Engineer(dpi&roads),eic(civil), R&b,orissa, Bhubaneswar",Superintending Engineer R And B Division Nayagarh,Odisha,3,3,0,0,0,GEM/2026/B/7532568,500945.0,503980.0,506026.0,EURO INTERIORS Under PMA,3,1.01,computer
